-- phpMyAdmin SQL Dump
-- version 5.0.3
-- https://www.phpmyadmin.net/
--
-- Hôte : 127.0.0.1
-- Généré le : mer. 20 jan. 2021 à 19:44
-- Version du serveur :  10.4.14-MariaDB
-- Version de PHP : 7.2.34

SET SQL_MODE = "NO_AUTO_VALUE_ON_ZERO";
START TRANSACTION;
SET time_zone = "+00:00";


/*!40101 SET @OLD_CHARACTER_SET_CLIENT=@@CHARACTER_SET_CLIENT */;
/*!40101 SET @OLD_CHARACTER_SET_RESULTS=@@CHARACTER_SET_RESULTS */;
/*!40101 SET @OLD_COLLATION_CONNECTION=@@COLLATION_CONNECTION */;
/*!40101 SET NAMES utf8mb4 */;

--
-- Base de données : `travelog`
--

-- --------------------------------------------------------

--
-- Structure de la table `commentaires`
--

CREATE TABLE `commentaires` (
  `code_comm` int(11) NOT NULL,
  `commentaire` varchar(500) NOT NULL,
  `id` int(11) NOT NULL,
  `code_etape` int(11) NOT NULL
) ENGINE=InnoDB DEFAULT CHARSET=utf8mb4;

--
-- Déchargement des données de la table `commentaires`
--

INSERT INTO `commentaires` (`code_comm`, `commentaire`, `id`, `code_etape`) VALUES
(1, 'Duis eget justo mauris.', 7, 1),
(2, 'Aenean scelerisque sollicitudin sodales.', 1, 2),
(3, 'Sed non tellus felis. ', 4, 3),
(4, 'Cras id tristique libero.', 9, 5),
(5, 'Sed sollicitudin aliquam sollicitudin.', 13, 6),
(6, 'Aliquam in pulvinar massa.', 14, 7),
(7, 'Quisque tempus volutpat aliquet.', 15, 8),
(8, 'Vivamus a molestie arcu.', 17, 4),
(9, 'Etiam eu ipsum augue.', 7, 9),
(10, 'Aenean a nibh eget odio condimentum luctus a sit amet lectus.', 11, 10),
(11, 'Sed quis metus lorem.', 11, 1);

-- --------------------------------------------------------

--
-- Structure de la table `demande_ami`
--

CREATE TABLE `demande_ami` (
  `code_ami` int(11) NOT NULL,
  `id_ami` int(11) NOT NULL,
  `id` int(11) NOT NULL,
  `accepte` varchar(1) NOT NULL
) ENGINE=InnoDB DEFAULT CHARSET=utf8mb4;

--
-- Déchargement des données de la table `demande_ami`
--

INSERT INTO `demande_ami` (`code_ami`, `id_ami`, `id`, `accepte`) VALUES
(1, 1, 9, 'N'),
(2, 2, 3, 'N'),
(3, 15, 11, 'Y'),
(4, 4, 14, 'Y'),
(5, 5, 6, 'N'),
(7, 8, 17, 'N'),
(8, 10, 13, 'Y'),
(9, 11, 12, 'Y'),
(10, 16, 17, 'N'),
(12, 7, 1, 'N'),
(13, 4, 1, 'N'),
(14, 9, 1, 'N');

-- --------------------------------------------------------

--
-- Structure de la table `etape`
--

CREATE TABLE `etape` (
  `code_etape` int(11) NOT NULL,
  `sous_titre` varchar(40) NOT NULL,
  `description` varchar(500) NOT NULL
) ENGINE=InnoDB DEFAULT CHARSET=utf8mb4;

--
-- Déchargement des données de la table `etape`
--

INSERT INTO `etape` (`code_etape`, `sous_titre`, `description`) VALUES
(1, 'Donec dapibus est diam. ', 'Fusce ut ex eget turpis bibendum suscipit et sed mi. Phasellus orci risus, porta quis scelerisque molestie, porttitor in nisl. Mauris efficitur leo orci, nec venenatis quam rutrum non. Nunc odio ante, ullamcorper quis mollis non, faucibus eget est. Curabitur tellus urna, posuere vel placerat sed, suscipit eu sem. Maecenas euismod aliquet commodo. '),
(2, 'Curabitur condimentum urna ipsum, eget p', 'Vivamus viverra convallis felis, sed laoreet ipsum posuere ut. Nam eu consequat sem, sit amet feugiat eros. Interdum et malesuada fames ac ante ipsum primis in faucibus. Curabitur auctor risus urna, rhoncus porta nisl molestie in. Sed laoreet viverra nisl. Praesent quam tellus, suscipit ut ipsum ut, fermentum facilisis tortor. Curabitur mauris ligula, tincidunt sit amet pulvinar ut, venenatis a ex. Nunc non ipsum nec libero posuere cursus a sed quam. '),
(3, 'Quisque at dui sapien.', 'Sed vel sollicitudin felis, eget dignissim odio. Nunc tempus pulvinar neque nec consequat. Nullam dictum erat et tincidunt hendrerit. In id sapien ex. Donec id velit a lectus aliquet pharetra. Maecenas et porta nunc, id bibendum felis. Aliquam vel dictum diam. Sed bibendum quam sit amet tortor imperdiet dictum. Aenean ac urna eget lacus porttitor imperdiet. Maecenas volutpat lectus in scelerisque euismod. Ut nec blandit massa, id ultrices felis. Donec tincidunt arcu erat, id dapibus nisl faucibu'),
(4, 'Sed vitae purus interdum, faucibus tellu', 'Nunc dui metus, porta ac accumsan ut, suscipit eget urna. Donec feugiat dignissim nulla. Integer luctus porttitor arcu in aliquet. Donec egestas, nisl sed dignissim gravida, dui enim venenatis mauris, vitae hendrerit lorem massa nec nulla. Nam sit amet mollis ante. Ut lacinia erat turpis, a fringilla ante dapibus quis. Sed et pellentesque augue. Sed sed ante rutrum justo tristique pharetra. '),
(5, 'Donec luctus tincidunt lectus, vitae luc', 'In id nisl non neque egestas pulvinar quis vel lacus. Aenean felis risus, finibus ultricies euismod vel, convallis ut leo. Fusce consequat congue nisi, quis euismod diam feugiat quis. Nam lacinia ante in magna eleifend, quis viverra sapien fermentum. Nullam faucibus odio eget mauris ultricies, eu mattis velit congue. Morbi sit amet magna lectus. Pellentesque commodo faucibus facilisis. '),
(6, 'Etiam quis aliquet turpis. ', 'Vivamus lacinia mattis justo, ac tempus risus vestibulum vel. Praesent in posuere ex. Donec in turpis ipsum. Quisque mattis justo vel venenatis dignissim. Etiam in sollicitudin diam, in porttitor felis. Vivamus a eros vel dui tristique accumsan eget quis augue. Nunc eu massa vitae dolor fermentum hendrerit porttitor eget felis. Ut et ultricies lectus. Orci varius natoque penatibus et magnis dis parturient montes, nascetur ridiculus mus. Proin malesuada eros sit amet massa gravida, non tempor lec'),
(7, 'usce vestibulum tellus id sem mattis fer', 'Integer faucibus lobortis ante, eget lobortis nunc laoreet sit amet. Sed pharetra sem sit amet nibh gravida, vitae porta risus lobortis. Donec suscipit est vel eros imperdiet, at tincidunt ipsum dignissim. Cras placerat sodales augue non feugiat. Sed porta dignissim ipsum eget rhoncus. Nunc justo mauris, sagittis vel tortor eu, ullamcorper hendrerit magna. Nullam vulputate bibendum dictum. '),
(8, 'Duis a ante molestie, varius est in, lob', 'Aliquam erat volutpat. Aenean convallis euismod dui sit amet feugiat. Aliquam at hendrerit mi. Etiam laoreet lobortis sapien, eget rhoncus eros rhoncus vel. Cras congue magna sem, sed accumsan lacus feugiat in. Vivamus iaculis metus non eros imperdiet, in pretium diam imperdiet. Cras et turpis nulla. '),
(9, 'Mauris id tortor eget diam efficitur orn', 'Donec sit amet massa eu arcu efficitur tempus a sed lorem. Nulla vel tortor sit amet lorem volutpat elementum. Nulla facilisi. Nulla posuere nibh eu aliquam hendrerit. Nulla gravida, eros sodales congue convallis, quam lectus tincidunt nisi, consequat sodales velit tellus eget sem. Pellentesque habitant morbi tristique senectus et netus et malesuada fames ac turpis egestas. '),
(10, 'Donec lorem erat, porttitor vel vehicula', 'Integer a nisl condimentum, vestibulum ipsum ac, rutrum neque. Morbi eu tincidunt diam. Suspendisse luctus est egestas consectetur pretium. Nulla luctus sapien nec urna laoreet auctor. Sed posuere pretium mauris, ac imperdiet erat consequat vel. Praesent non auctor neque, vel iaculis lectus. Nullam eu tempus mi. Duis luctus efficitur eros at aliquam. '),
(11, 'Phasellus sit amet bibendum leo. ', 'Aenean augue turpis, rhoncus ut vulputate a, interdum in dui. Etiam semper nulla semper massa porta, quis feugiat tellus finibus. Aliquam erat volutpat. Duis facilisis tellus eu est ornare feugiat. Aenean mollis eros ut lorem porttitor placerat. Aenean erat lectus, hendrerit non turpis ultrices, eleifend scelerisque ligula. Vivamus a mollis augue, sit amet convallis nunc. '),
(12, ' Donec iaculis orci lacus, ac bibendum a', 'Suspendisse potenti. Suspendisse et posuere augue. Duis tristique eros augue, ut fringilla arcu lacinia sit amet. Sed quis metus at orci auctor tempor efficitur ut ipsum. Donec fringilla at lectus eget sodales. Ut pellentesque dignissim velit, sed porta dui laoreet non. Nulla vitae sollicitudin risus, vitae ornare neque. Integer mattis, tortor ut tincidunt varius, ligula purus laoreet nibh, ac semper neque nunc ut elit. Nunc lacinia, diam non tristique placerat, lectus nisl accumsan velit, sempe'),
(13, 'Donec dignissim porttitor interdum. ', ' Donec justo lacus, auctor et lacinia id, porta et massa. Curabitur et erat laoreet, convallis nibh sed, varius sapien. Nunc blandit ante auctor, porta leo vitae, viverra nibh. Vivamus vulputate faucibus vulputate. Quisque vitae ornare tortor, eu pretium erat. Nullam id nunc sem. Praesent a enim quam. Praesent gravida lorem at fermentum iaculis. Nulla non libero turpis. Nam porttitor lobortis semper. Etiam consectetur justo id pellentesque pellentesque. Fusce scelerisque dolor eget tincidunt vul'),
(14, 'Mauris elit nisi, luctus sed quam a, tin', 'Sed id aliquet mauris. Phasellus sagittis urna nibh, eget ultricies leo efficitur non. Praesent et eleifend risus. Vivamus efficitur massa vitae ex vehicula volutpat. Maecenas pretium neque non pulvinar euismod. Pellentesque eget sem nunc.'),
(15, 'Vivamus vel interdum urna.', 'Aenean vel tempus velit, at semper odio. Curabitur gravida nec sapien et ultricies. Suspendisse dui nisi, efficitur at nisl sit amet, suscipit facilisis augue. Ut ornare vehicula diam, a semper dui commodo nec. Fusce dignissim consequat massa id pellentesque. Duis non ligula vitae nisi sollicitudin porttitor eu vel ipsum. '),
(16, 'Aliquam sit amet vulputate nulla.', 'Integer arcu leo, luctus eu efficitur ut, ullamcorper eget eros. Vivamus non blandit eros. Etiam facilisis elementum lacus, id efficitur odio vestibulum a. Quisque odio quam, rutrum a tortor quis, euismod tempus leo. In hac habitasse platea dictumst. Nunc mattis quis purus in egestas. Duis ac porta risus. Nunc nec justo elementum, elementum tortor ut, auctor ex. '),
(17, 'Orci varius natoque penatibus et magnis ', 'Morbi sagittis luctus augue, eu commodo quam dictum sit amet. Fusce dignissim massa vitae ligula dignissim consequat. Duis ornare aliquam mi, nec maximus neque. Duis non massa vehicula, gravida urna ac, tincidunt velit. Integer vitae velit sed sapien feugiat ornare at porta eros. Curabitur ultricies pellentesque massa, sit amet luctus lectus tempor sit amet. Mauris pretium nisi libero, aliquet interdum metus imperdiet et. In ullamcorper eros sed risus congue pellentesque. '),
(18, 'Donec quis odio pulvinar, eleifend nulla', 'Morbi et magna nec libero porttitor dignissim ac sit amet nisi. Vestibulum finibus condimentum neque, dapibus pulvinar quam. Maecenas sed faucibus arcu. Sed facilisis felis quis magna interdum hendrerit. Nullam posuere, risus id vulputate rhoncus, nisi sem pharetra leo, nec facilisis sapien turpis et erat. Fusce interdum tempus nisl, ac vulputate nunc luctus eu. Curabitur hendrerit rutrum bibendum. Vivamus ipsum eros, pellentesque non nibh at, auctor commodo magna. Maecenas non mauris sed nunc p'),
(19, 'Nam vestibulum nunc orci, eu rhoncus nun', 'Maecenas placerat dolor eu massa ullamcorper, non volutpat dolor tempor. In metus metus, porta ac urna in, interdum faucibus arcu. Pellentesque consequat quam nec elementum rhoncus. Fusce at lectus quam. Sed at metus et massa gravida tincidunt. Sed auctor orci mi. Sed ac nibh felis. Cras eu ligula non tortor vehicula gravida. Nam dapibus quis sapien sit amet pretium. Praesent mi dolor, tincidunt vitae finibus ut, varius ut massa.'),
(20, 'Vestibulum pellentesque neque non magna ', 'Vestibulum eleifend ut elit quis porttitor. Praesent eu cursus elit. Quisque consectetur enim a nunc volutpat, id bibendum justo imperdiet. Cras ipsum est, lacinia at rhoncus at, dictum eget velit. Donec ultrices ex eget pellentesque porta. Fusce eget nunc et tellus blandit varius. '),
(21, 'Fusce non aliquam mi. ', 'Phasellus fringilla metus vel placerat scelerisque. Quisque vel ante feugiat, placerat augue eu, dignissim nisi. Sed a dolor metus. In bibendum tincidunt varius. Vivamus sagittis, nisl ac dapibus efficitur, justo lectus rutrum nisl, sed volutpat lorem justo ac leo. Maecenas ornare blandit purus, vitae vestibulum dolor pellentesque ac. Praesent viverra nisl a est fringilla suscipit. ');

-- --------------------------------------------------------

--
-- Structure de la table `langues`
--

CREATE TABLE `langues` (
  `code_langue` int(11) NOT NULL,
  `type_langue` varchar(50) NOT NULL
) ENGINE=InnoDB DEFAULT CHARSET=utf8mb4;

--
-- Déchargement des données de la table `langues`
--

INSERT INTO `langues` (`code_langue`, `type_langue`) VALUES
(1, 'anglais'),
(2, 'français'),
(3, 'chinois'),
(4, 'arabe'),
(5, 'espagnol'),
(6, 'hindi'),
(7, 'portugais'),
(8, 'russe'),
(9, 'japonais'),
(10, 'coreen'),
(11, 'allemand'),
(12, 'turc'),
(13, 'vietnamien'),
(14, 'italien'),
(15, 'polonais'),
(16, 'neerlandais'),
(17, 'grec'),
(18, 'thai'),
(19, 'bengali'),
(20, 'pendjabi');

-- --------------------------------------------------------

--
-- Structure de la table `likes`
--

CREATE TABLE `likes` (
  `id_like` int(11) NOT NULL,
  `code_voyage` int(11) NOT NULL,
  `id` int(11) NOT NULL
) ENGINE=InnoDB DEFAULT CHARSET=utf8mb4;

-- --------------------------------------------------------

--
-- Structure de la table `notifications`
--

CREATE TABLE `notifications` (
  `code_notif` int(11) NOT NULL,
  `date` date NOT NULL,
  `id` int(11) NOT NULL,
  `code_comm` int(11) NOT NULL
) ENGINE=InnoDB DEFAULT CHARSET=utf8mb4;

--
-- Déchargement des données de la table `notifications`
--

INSERT INTO `notifications` (`code_notif`, `date`, `id`, `code_comm`) VALUES
(1, '2021-01-20', 1, 1),
(2, '2021-01-19', 2, 2),
(3, '2021-01-18', 3, 3),
(4, '2021-01-17', 4, 4),
(5, '2021-01-16', 5, 5),
(6, '2021-01-15', 6, 6),
(7, '2021-01-14', 7, 7),
(8, '2021-01-13', 8, 8),
(9, '2021-01-12', 9, 9),
(10, '2021-01-11', 10, 10),
(11, '0000-00-00', 1, 11);

-- --------------------------------------------------------

--
-- Structure de la table `utilisateurs`
--

CREATE TABLE `utilisateurs` (
  `id` int(11) NOT NULL,
  `pseudo` varchar(20) NOT NULL,
  `mail` varchar(50) NOT NULL,
  `password` varchar(255) NOT NULL,
  `description` varchar(500) DEFAULT NULL,
  `photoprofil` longblob DEFAULT NULL,
  `birthday` date DEFAULT NULL,
  `nation` varchar(50) DEFAULT NULL,
  `contact` varchar(1) NOT NULL,
  `notifmail` varchar(1) NOT NULL,
  `code_langue` int(11) NOT NULL
) ENGINE=InnoDB DEFAULT CHARSET=utf8mb4;

--
-- Déchargement des données de la table `utilisateurs`
--

INSERT INTO `utilisateurs` (`id`, `pseudo`, `mail`, `password`, `description`, `photoprofil`, `birthday`, `nation`, `contact`, `notifmail`, `code_langue`) VALUES
(1, 'Mylene', 'mylene.brieux@gmail.com', '$2y$10$ms85yUO9G1pM11g3AybiB.vadS4Yg84ZjIbEEK2LnM01PsP5B/gsa', NULL, 0xffd8ffe000104a46494600010101006000600000ffe100364578696600004d4d002a000000080002011200030000000100010000876900040000000100000026000000000000000000000000ffe000104a46494600010100000100010000ffdb0043000201010201010202020202020202030503030303030604040305070607070706070708090b0908080a0807070a0d0a0a0b0c0c0c0c07090e0f0d0c0e0b0c0c0cffdb004301020202030303060303060c0807080c0c0c0c0c0c0c0c0c0c0c0c0c0c0c0c0c0c0c0c0c0c0c0c0c0c0c0c0c0c0c0c0c0c0c0c0c0c0c0c0c0c0c0c0c0c0c0c0c0cffc000110802bc02ee03012200021101031101ffc4001f0000010501010101010100000000000000000102030405060708090a0bffc400b5100002010303020403050504040000017d01020300041105122131410613516107227114328191a1082342b1c11552d1f02433627282090a161718191a25262728292a3435363738393a434445464748494a535455565758595a636465666768696a737475767778797a838485868788898a92939495969798999aa2a3a4a5a6a7a8a9aab2b3b4b5b6b7b8b9bac2c3c4c5c6c7c8c9cad2d3d4d5d6d7d8d9dae1e2e3e4e5e6e7e8e9eaf1f2f3f4f5f6f7f8f9faffc4001f0100030101010101010101010000000000000102030405060708090a0bffc400b51100020102040403040705040400010277000102031104052131061241510761711322328108144291a1b1c109233352f0156272d10a162434e125f11718191a262728292a35363738393a434445464748494a535455565758595a636465666768696a737475767778797a82838485868788898a92939495969798999aa2a3a4a5a6a7a8a9aab2b3b4b5b6b7b8b9bac2c3c4c5c6c7c8c9cad2d3d4d5d6d7d8d9dae2e3e4e5e6e7e8e9eaf2f3f4f5f6f7f8f9faffda000c03010002110311003f00fd44552e1bf52450a3f77c75fe95218898f6956f63fdea02797bbfbbb7a5667b0244c0e57fc9a1a2c95edb78049a5588315619f9452b02efbbbf71400c74e176fdecf7a242abb82fa734edaca7a3350d1a91b57ef7a9ed4011f905b69fe10280db62efd49e7b54889e67deedc60534234a4e5997cbedeb415a01cedea57cb1f9d35631e58cff0019c9a90ed20ff75877a40a5701870bcf140728c57dbfbb5f5eb449198db07a3761e94934bf61b5691b6edcf152496ed6e3737700823b034124526153850c7a1e3a0a153628ead8e952346a8802b12dd7a5340603ef739fba074a00620c23ee2dfecd3008cb7f7b23073daa5943041b9771cf51fc34c68846b8fbdcf240aae80467683b73b978001ed48240bbf000e71f5a9f67cbe9e80f38a876305fbabf31cd1ca0421416dddd470314d44c2b375cf3c76ab0e8555b681f29c8a8f6ef2a15be561f7693d00814792a3ba1fd6942ab3b7b7f1539c6e1c73b7a2fad0e8de4b6147d3d2902dcaae9e6236d27767f3a52adb97b2f4c629f346bbd7f81bd3d29c8db906e5dbb7dfad44b734d8ae1da3f9be55e48c53011efb89e0e6a610aef1bb76d0722a2538f9576f5c8c8a40363601db3c06f7a254d8f84efd453cc62405b9ddd7d066a366def92a49f514008e32ad8fcbd0d37ca2efc37cc47e54e08c0b375fe2e3af34d70c06e5ddbb39604f6a006ee119da7f03437038e8bc67de9e033b13b82f7a88105fdd79dbd8d052435d19301b69cf6f5a01cb6e6fe1e831d2898ab2f5e7b1a24dde5afafad03d46ab6f66ff39a576da303eeb71f4a4c0079e0629a3218e01c2fad0316450067b0e08a52dd18f403a7d698cec73953b7af5a52ccb9fa7340587c84bb6de8aa30294e524dbf7b77ad44548977061e5b73cd26e2bd1b9272680261952bc743f9d395b72964fbca6a157dca7e5c639fad395c44e7eb9a009b7b1e377cfd49a9032c8caddb06abc0f92d20fa1152c6ea23da7d738ef53a88940c3af1f2af2b8a1403f75884eb8a647fbc6c06638e7a74a7c8419576f0a075a3515eda0e625dc64e38fc315245e5fcdb867d29ab22b4a32074f5e94e922645f97939cfe147287311c684dcf7f4a3722e06d3f5f4a91f97efbb1c95a6a272467e66e7a51cc48d31194161c6df7e4d46cbb1d772fdde49f7a99d79dd9ddea29a88d32306fba3bd1cc046b16e0e58f39fce864dbf2fa630696555321e7ef1181eb41c7dde3d9bd4d1cc6840211bc2b618eefca8550cfb7dfa7a5491dbfef3fd95e49f5a10aed2ca31cf34d30239976703395e7fdea8de3da573f7fa03ef52b331fe2fce9255c95e370cf24d302147c31fa73f5a8c293bcb2fcdd8d4cd0828cc3f1c53644dd171fc27273de802bde0fdc8c96cf6c535a3648b701f36073e95615f720cafe18a6cecca8bf5e7da8132af91b5815c2b1ea7bd2cc0b38dde993ef52b379522b6dce7b7a5239daa5b23db039a99136644cbb571b94739e943260951c8ce7269de4eefde1fae00eb4920631ab06da3d315222108d71f38da00e1bde97eecbc2aecc751da95dfca5651bbaf61da949db2aa8180c01fa5573010c830857f8bb923ad478dc555738539600f4153ba367272cbebde936305fee03ce4f7fad1ca046399b681c76dc69ad0fef597966c75f7a7cbb8a7dd6dac71b850c191c9db8e700fad50113310d21eebc5023debb8f5ede94489b267e09e01c62898b7caa1b6e7dfa526ae0372e0eddb42c6c150fbfe54ec796bfed740deb4d5265c7dde78e6972b01aeac24ebd3b81d680bb9595b00e69cd1f952fdec1cf6e69b8dca7f33c75a9011d58a2ed3b6875e0f7fa52afca8cdb4ed23b9e94832063b0f5a00620df9fbdd3fef9a36f94bf3b673d31423e03305fbc703da85425b732e4b7439a006c801fbdfc5c038a8d86f5395dc7a7353bfceebdd79fc0d31972bd3e61db34010b26c23e5f9bd7fbb4d7383f2fdeddd7153323ac7ebb7f5a8fcb68c2f3963cd0046ccce76e48c0c9a84af960e06d1dc8ab05701b6fde638e7b546549db9f7cd00439f37eefcadc727bd4770accff373c75f5ab5b580e8bb73d7d0555bada718cede7140100877c61b3b549fba298532adfd6a42e3cb5fe1f7151e0973ee3b8eb5a09a2363b4fa8f4f4a8f73141b2a490287e9d07a5089b9b8e98ebef41363df82330f40e79cf6a7b20291f7a727014e73b3ad3822ca1bd7ae0568218a4efebf7b8fa5204d831bb81de9e63cc631f2b1f4a6f97b63fbbbfdfd2802308d9dc9f28ef9a33f2fa3371935336c6dcd8c2f7a1e2ca2edda4f5c5004298c7cc30c3b8a5055db1ebc67de9e772afcc79f4a578b737f75474a008c6400bb578e948ccbe67ddf97d3d4d3b0ccdb8f2bfce865c96c74f40282b988de05941dc03231e47a53ae0b2bfcd961d29c9092cdbb85ea3de8e1d7e607729c500bb90e3cce70571cfd68281a456db8e31533869a41c15c74269bfea7ef631edde81ea46a33bb6b7ca3a834d8e2c49f313cf6ed4f0aa64ce31bbda95a26fe1fbb9e0557331244137def98f6c1a020948f98f031c53e651b0f1f78e3e94e03137dde1875f5a5b872b2bb7dc55dcd939e3d6a3dfb130a155ba67bd4e796f989f40714d11ecceefc290acc830c91b3776e83d29a877c0cbd4fad4cc9b63666f9bb0e3a5371e4aee5db96e0e7b5025b91344b2db966cd4174a14700f6ab3342c91f964fcac3b1e950c7079388f7336deec7341a11ae4c9f283f8d44e8a9f30c71daad4884c8db4af3d48ed51c8491b7a0fef7ad4340464aaa8e7a0cfe351c7fbb23bb364f15332aedff0074f041ed4c6044bb97e6c8e4d202046d876e3e6c9fc285ff0054dbbef03534b12bb7cbb97e951c9b81c372aa7d39a008e45c6cf9957de9b347fbe238ce3a81da9e230e3d141e8698df3367a0e9c505c488cb89395ce3dba5248f89187cc79a736e5ddb5406cf6a6ccfc6ef53d41a060eff002337ddc8e94c71be10c3a91934bbf7f0bf9d05b31a8f9b9f4ee6801647dc8bbbb8148d9f3587b7029bb8c89b18719c7d68f33393fc4a7028017e658d5b3dfa52001c8e71c52ee628a1bb1e7dea3ced2dcf3fc2280110793fde7f7cf4a9376653d3a77a8c3fcacc78f538eb4e67f3248c7518e4d04f30ecb2b06ce4752077a9d461cb13f779fcea9b0601973b171c63b54c2631273df9cfad049662cc7271ce7f4a913e5b71fc4c4e79ed555642aa368059bbfb54d0b947f9be62c31415664d19f3240ccb8ce371a9677d8e597aaf19a882990ec0dcaf5e7b5488cb13b0fe2a991361d908ca4fde61da81b5b83f2b7ad27311e141a52bb1948dcdea3d2a401f9003609cf27d452ed01b8e47714e90f27ef6e6e94823c2153d47714011b461db70fafe14d93fd600abf2b74a9b68791be61f9d46a30157af3cfbd00309cffb3bbf4a1a3f209f61c53c2ed2cdc36eed9e94c55317de23e87bd068460feef737f17ad298f0bf769fe5f9926edb9503a7a53245dd1b9edc0154a4042e5b85e800c9a81c2b9fbd81dc55b78ffbbdbbd324518c039f6c550116d0b1285f5a6ba141eebfcaa475f93eee7d0e3a52724b12739c50041326d8fef72a45205dc0a91f8d3d46f55dbc2f7a4112a305e4e4939a1ea044aaa1fb7cbeb448773797c72320fb549b0156e3e65e94c11ec9bef6de3041ef516265b91247b5dbe6fbd9ce69b1e59d4e4e5fdbb548c777cabdfa93da90af947fdacf20f5a448ae9f2478ebd3150b6df33a86da79cd4cb1aa05639dc7b0a859361e76eeed91401197933f37de6fba2874ddbb6f1b4eecd3db715690eddcbd29159946e61bb8ea455dc08f6ec4dabf7dbef1f6a698c1906de3fdaf7a9252d237017cbe981da9af95976eee3b81d0530184a8fddff103907fbd4c7277b6d1b70702a40be67fb3df351b0673fdddbc0a00106e76dcbf2d37396e3eefb53ff8fef1de4671eb4a8191b1fdee48a4c08c7a7236f3cd238f331cfdd39c54821c9e3ef77269b8cbfccdf2af503bd4ea0464e17d7d3da98aea1c7decfd6a40172dc30dbd067a53942b0ef4808cfcc38fe1edeb43a6e65c1fcea41f331ff685429131249e33eb400d7188c9ddbb9c1a8f0cc98f9700d4c23393f77f0ef51b271bbab639cd0047b38f9bbf61daa3b993007ca38e7eb5311bf7330f9ba7d6a39f2172c081d0714015e42121e7b9e053650634196c6ee8076ab015a4fbdb719e38e6a39d416dd927b5526057fb3189871b8631cd4728cb9efdd4fa54f2069986ecaa81f9d44d1e7eee76b0e71d05340572ad2719f7a6b44a473c2f6a99630c7e6ce71d454570bb4f3f37b67a5303e828a2d89b8b7cbd0d382f924b609ddc669c0607f3f6a53caae33f5ad0cc4656118dbc91c126984993685e07afa1a954955036fb1f7a5007be5ba0a0086dc6e0cadd09e4d285e17e5fc7d29e21dabb72df2f34e2029f9460500432ae7afe74e28045b7aedeb4ef2c138639c8f4a4da66257232bd282ba06d28a9b7a67f4a8826d76f45a93661836ee0f5cd0c9e536ece3777f5a03423953f77ca8ddd88a15404666a95d71f293f853557d7ef375a07cc889a465e0aee3da89e3c9c7f08ec6a66014700eecf5a8bc968c67e66cf5c50322963c49e9d881e94e5f98fcacdf2f63de82844bb4fcb939dc690aeddc3b7ad00467e446ddeb9e29422dcfdd0c368f5a73ee418e1bbe4f7a00674dcb85623e6e6802b9c856c7f16314e95158f3d69e794cae3d79a49a3662be879268021f2f6398dbeefde07d6896db7eef9b77cb531db26e3efb473519876a9fbd93d79e940155d77c7b71f337073da9acc7786550768e454dfeae62a3e6ce08f7a24814b6fddb73dbd2802ba0c1662bb4f61eb51c91b6ec723daa6c971b8721719e7ad36497cf9772f2a3af34010184aa31c7cdd314c0187fb27daa794e46d55dbb8706a185b2fb5be66edee2b3018e986f46ea69b27cbeffc59f7a9a5e65fbbdaa278f2a77719eb8a0086e118cbbbf314c65565e4ed3daac08b6fdece71cfa1aaedc3e1b81818a01119523603e879a165c291b436ee40a74419243f2ee07907b0a60191e9f29e94148458f72b16f94ff3a613c7fb5d7e94b19de5b39f6347661c29c7a503d44dff00bd07f85b934c72b8dca33cf342165396dad1b71c7f0d21f965fbbc31c71de81730accbf682bbb248e8074a66163c36e638eb9a1dd646e300a9ea476a14078f7676e7d6807215771cf3952bc67b9a6c65a58bf798c81f77d680c5d5949fa7d69a1bcc938f5141248cbe64800cff0085355b3b770caae4734892b1323019cf18ee29bbc48bb36f3806802cdbcbb86d2bb541cfe15622c49273f77b1cd530fb42ab7ae38a9c9670157a673c7a505a6595ca670bc7739eb533e32319dddfdeaaa3b6d6c373d0f1d6ac197cb895ba9edc75a5719236e64dd8c2b3035623da5f6f4dc326ab83e54637673e87a548acceea42a81252b90d5873063bd9be83f0a73e4aa73f2b75a697f2b72f1d7a54aa985e5be55ea3b8aa1116c501bd3d6a38d011b42e47622a49b32965f95553affb54d8ee23de4a06e9d456653dc688b620d9ebcd12b6645232769a70994fcbf32b37424539d37c83eee3a1140ed722d84c8cc3f886483da9a42c07fbcadcd4b044629245fe74244238b69fc29a0e5b15921c96c37cbda9a57ca1efcd59683cc765fe1c735198c20e17e6e9f853e619599b644fc647b7ad3115e42ad8edf77daad04570ca7e5515048acbc0e0af7f5147300c48d7a371e829ac8657dacccb8ec29cf129dabcfd7d29c50e768da5b18f7c53f40657c334bf32fb1a6b47bb95eabfa8a96de1f94eee99c9f6a4288f311c8feb4b614762bffa9fde766a123321df26d5cfaf7a9a2e430ea0718dbd29aaa4b9fe239c1f41435a8c8546e93e556e9d69a8ff002b2946dabdcd58099dbd82feb50c8131b3af6241e9449684c861dc62dcdf2e78151eef3d36b70b19ebfdea9e6b7f2a3cb36d56a695db0f1b7a7153196848d7658e4daaa7695c62a37550cc71db1f8d3e2ce7774e39f6a88a293b4b12dbb356030827775ce38e69801771f37dc1f9d4cd1f97f337dee801ef51ee310e76fd3da980d12625e1723d7d2822463c77ef522228765eca323de8ddb07cdf2e4714011a1f343766ec29ad16e5f3071b7aafad1970bfc3814e28ce73fdde7eb49dc085bf785b77cbc0e9de94c7991769f97bd3dc71d47f9149858c7ca3e6a5660343ece3d7a1f5a42a64185eb4e3fbb3caf2c71cf614d63b5d8027fc2a408e5393b41c30ebc75a4ff969f37ddc53db0a3e6c71df1d68dbc7cc770fa74a00847c88dbbe6cf205478698f2bd39ab07201cf3e80546f27383fa1ed4010b93127dddcddaa12bb31bf76e6fc855c3281c77ed50bfcebf539a00aea30fc7cc30702a3756523f857278f5ab1264ae02ed0ddea1917cbcfde1e829dc0aef872a57fe043d2a36458c6ffbd9e39ab4f102839fbdcf35096c8dbf780ef8a7cc07d071aa8de79da6855c0438e338c62a7db8997e5f9319e69147981bd3a8ad8cc8a5e4afd682321bef7a7d0d3b6b19370dbc1fca9d22fef832e7d4fbd0572919206d1b4873fad3ba215ea001c5054f99b9d7e5cf5f4a728c4d803bfaf5a039590a42124ddb5853906c079dc49e334e8d0e58e4753db8a50a67ea7eef46f7a03948986e7daebf2e69ae7126efe153c0f4a90a18df1b87a5392355ff0079fa8ed41246cb91cf269bb3685ebbb3c54aa379ff00654d215dcff32b0c1ea6802327764b7de53c535a30cbbb773f5eb535c60bff003a8d8e615e3e6cf4a0ae6642793e591951c83eb420f9703a83f283dea6f2db79ce318e39e94d55f94f76fe740ee885d760dac370ea73404563b76e3d29d20291a67ef673f85399739039e3233c5028ee557dc245ee7ee9152385561f7871f2d3ca6e3cedc9e948a3736dc36e5e9cd0511b8f2dcf4c1e7e950cf2ec9bf9f15314f933fde3cfad04977c647ca7a628020913c86dc30703f2a6aa615769dc0f5cf7a94056765e9cf5c75a8e58f0bcfddec73d2802abaed89db68519181db8a86d94226ed9b73dfd6ae5c86312fb77f5a68db17de572739e7a63da802bb46ccaac071dfdaa2640d26fe3e5e054d70bb24dcbbb69392291f6993d38ce696a04242a039fe13f9d4520573f2fcab8e454f8d91aff007bb66a36c8c371b8faf6a802bcb1ed4efb73d69b2c6181cfa71524ea703792c7af151fdfc74daa7a9a0111aab1655fe1c7351c841cae3681c7d6a431624ced18fad47e6eeddbbe55ed48a88cdadb78c7b531802995fbdfc54e28c474db9ee0d319027cfdf1c83de98e5b091b053bbeef623b537661586738395c76a569184f8623819e9d690ba393b474183ed41005c0461bb95151b05f95597b647bd1951bb2adc8c0c77a6c9c9daaa59540c64f4a006cadf28755e878a749ba68f86dad914d8d816f97e555e4a9a63e42aedcf504814e3b80e593cb9fafcac6a34b8dcb2283f32f3f853de06b78f73711f1cb1c015cef8afe2b7857e1f3b5c6afe23d174f8d5487f3ae9148fc2af95bd906db9d4db9f3231c8c6de9ef4fb76248dbf2b28c578078dffe0a59f027e1aa336a3f10b4b2ca33b2ddc495e55e24ff0082f4fc07d267f2f4e93c45aec83bda58bb86fc40c568b0f55f425558ec7db61ca42dce4e781dea4321755da1b8e80f6af802ebfe0bd9e1bba2cda2fc31f1c6a0a3952f6de506ff00beaa84dff05edb884a96f82fe2c541ea63ff00e2a8faad4f20f6abccfd140d22ae1b92d9cd59b19d67c15fbaa319f4afcebd3bfe0e01d356e53fb43e13f8b2d97a1236363f006ba1d27fe0bf3f0b639f3a9786fc63a4c79f9d9ec1980f53c54fd56682535e67def0c8ac83e6566a75c4ac96ade58fde630bee2be5af855ff0580f803f13ee2386d7c65058dc487e54bd530b293db9af7ff0a7c5cf0cf8e2d96e34af10697a842eb988c570ac7f9d4ca8ce1ba0e78bd99d15ac464bc8c46dc4839661df155e15bcb598ac92f9d1aff0b014cbaf19e8fe1cb317179aad95ac71ae774b32aaff003ae47fe1a8be1e4d78d1c1e31f0fb5c29c05178a4e7f3acd5396e915ed2da1dcf9f15c26e52bbbd3bad4d0a6e0add723bfad7369f11b45369f6f8352b036a461e6f397673ef9af29f897ff000502f843f00ede6935ef1f696aa5891124a2473ec00aa8d39cb643f6913de1ff007a40f5e48a6ab79876edfbbebdabe3bbdff82c6f86f56d286a7e15f05f88b5cd3e453e45d4812de39b1c654310c7eb8ae0f58ff82d1f8b1e62ba4fc2891997a092ec649fa2e6abd8cba95ccf648fbf86e49890a195473f5a6071c93856ebf857e793ff00c15d3e33dc0dd0fc22b6f2db9c99a5ff00e229afff000580f8b7a4bab5f7c1db568dbab0bb65c7e6828f62fba0bcbb33f42e43f37af3c8a460acbd3af5f6f4af80ecbfe0bb2962c63f107c27f135ab20e64b578e7527db69cfe95d2f877fe0bcff0005351923875cb7f11f86e6e87ed962cab9fad1f5797421d4b6e7da522e605e3b9e94b1aaa8f42bd4fb5783f823fe0a79f01fe22409269ff103495dc7eecf28435ea5e1bf8d5e0bf19c2a749f166857a24e823bb4e7f5acdd29c7741ed17566fa2ae1bef31a409b06e556e054b03c7739f2668241ff004cdc367f1a24dc311fdd65ea2a5ee69718db4c2437d45459623a7be476152a2f2036e1c7714920fdd376dc7f134fa8107cd3b85fbaabc8a458b616c8e7193c54accb8dbf2eff005a618d5146efe743570192c7ff0002f9ba1ed51b296551fc2bd6a460b2337e67269a89b9b3d01e463b54b44c88d0794cc3f871c7bd325db1baedc6ecf5a91a2de7736d55e87daa390379a36fcdb4e071da91232e4314c839763f9534ab1f9a466ed8a9b0dbf715f63ed4d6409b9d8b649c28cd537a01131648f728fbc6875527737ccc3b53b607ebbbe538f4148103cb8f4e17de9a018c0388ff0087d31de844da8dba4dbe83d29e61618c1dbce0d232ed2c31faf26980cd9b97bafb1ef4d53e5ed0dfc3c9a00feeff0011efda8f283b6472a3a8a006b43b9989e7b8e7a5341db9f2fd306a47c8e30bef518876f4ce319a9901198cedff0078508d9465eea31414cb63e6c8e41cd3826d1f77e6ee7d6a406cb092a3dea3302abaff00b3cd3a521549e9fcb348cac91671b98f43400c0d85c1ddbb3d2895b0bfc54e60af1e42a96f5a698f0bd4331f7a008586f1fc58f7a83cbf31f70f5c7d6ad449c0ddc37604d44cbb41faf6a00866505f2a3f1ed51050a7716f94f4ab1b33f2ff0008e734c9029e586d5edc5007d05211b87b70692218972a7e5dbc8c74a94458663bb6f6c1a6ca9b51bf98aea48086653270bcf3524abe67dd6fca8dc1d97019723d29df71b1b7e5f5a90199da42fcdb4d29879c7e26a5c6d18f6e47a531d3cc1fef1fc6aa20323f93208f97a7d691177865e8b9ce4f415215cb723e65e9413e61e09ebc8c75a7a8112e124fef646294ae22dbfc4a7a8a718d8cbbb76ddbc0cd294c0dd9e0761dcd3023a8e5c4a858fca57a8a94a9051979f5a6caabbbbe33cfd6a5a279442ca62191f7b80698a9f37d38a91e325b6b7e07d29a42f99f7b76d1f28f5a924615dde62b1fbbcf5ed4d766108dbcf3f2fb8a91897dce630a578c0eb48cc62c3755c703d280233c0da7a30eb51eedcad9e36f02a711ed655fbdbbd7b522c3fbb2adc6d3c7ad055885d0161c7d3de9be5ee423baf727ad4983f770dc0cf5eb4d09ba4185f4ef40448c924afcbd78c535d3e4cfdd39e6a6db86233839e4d47247b51b71caff000d0510b70559431a667e6c13c2f245587e5f77dd52bfad44d182877743e94011c9fbce147ca3b7a8a8773ee3c109f779f4ab032c38f9b68c63a546a9989b8c8cf03d2802bc88c3761be4ea09351c8373e3fbc319ab0ca0afddc67907150c855632a095dc792075aae502bc916d8c06ce54e334d9f276aff0b77a9275611e7af6fa8a8d977a80738518ce7a56728810c8db7ebfc3ee2a277daedb7e5f6f5352b2e1baab6060645444154da79f707eed4811483748d92b9f7351326d51f2fd08a9a75dedc7ccb8e7279a8a53b538fe1381cf18a0a891b1db9565fa1a688b1fbb236f19e7bd2ca0c78390429f5a6b920060cdbbaf23a50396c318e71274e7f3a8e683f78b83866f98fbd38aabc41779dcc3a63a537747367390f18c03eb41034bb6ec740bc834d93f7aedf4cf146f6655e8dc7e26a394a8765fbdebed556b0126434b1aaaed639079af87ff006fff00f82b359fc13f1d47f0efc048ba8f8c2e9fcb697cc58e1b76ff0069cf4afb07e2578923f077c3bd7354dca8d6766ecade8e4103f5afe6e7f697f12dc78a7e34eb9aa31bab922f247b8b95c9319cfa8af4f2fc2aaaef23971555c3447d59fb4dfc5bfda9355f871ab78b6fbc5d6d0e87a6ec13c363a90671bce1400002d9ce38ae53e147fc1327e377ed27058eafe24d63566b4d49166114f3c85829e4020f7e6b89ff00826578167f8d5fb69f81f43bebebed434949cdf5c5b4b70d2413797caee5270706bfa03b35834b558ede28615886dc228e056b8cace83e485bd49c3d35515e699f9bdf01ff00e0855a668291dcf882ced2f25ddc9b905c8fc09afaabc05ff04e5f875e0eb18e29b49d364dbd36401457b75df89a113346eeca09e5bd2ab6a3e22b7b51b44d0b478dd977c60d78f56ad4a8ef26fe47a11e482b228785bf66ff0000786d635b6f0de9995c73f675ce07e15d241f0abc2773ff00301d2d63c9c8fb3a7f85795f8ebf6b1f0d7c3e8996e356d356603e6324e06cfc2bc87c5fff00057ef00f8301864d621bd953208b542d8fc69c70f565b2612c4c5753ea4d67f67ef02ebe8eade17d25997a7fa3a8cfe95c7ebdfb03fc3df195a4c1745b1b691b2a54438c1af8cbc59ff05e5b3d2de41a46877174a495123b751db8af32f167fc1773c79ab24f2693a7dad9718f9ce48ade397577aa464f1f05a33d1bf6a9ff008211ff00c245757979e1e934d195660a17cb653db9afcd9f895e11f8a5fb19f8e64d26e35cd674a6b57291bc770fe5f7c639c57b77c4cff82bcfc66f13b48abe208edd64e7110c62bc4be247ed13e20f8e9e05d7478aaf06a574191e19ca80ca4329c03f9d7b185c3e2296952cd1c35b114a7b2b33235ffda33e257c48b66b3d4bc55af6a108ea82e1cf1f9d56d13c03e28bc956e239752b70dcacad238fc735cee8ff0010af3e1cea56afa7942f220128750c2bbed2bf6b0f126973c6b7315b5c59370ca100e0d76d48cedee24614650b7bf26666aff1dbc75a469b71a19f166b1f658c947892e9f683ebd6be9eff00823ffec1cdfb5578f350f15f8a235d4349d3f11db1be2645690f39c1e2be45f8942c75bbefed6d1d4aa5d3667831f75bd6be9efd82bf6dbf157c11f8537da3e92b6fbed6612aa37cbbc6315862e3374fdcd19547954df63f5dbc03fb24f80be1cdd422eb4db5d42e9784531e5221e8074af56d1fc15e17d2c6eb5d174d86351c916cb9fe55f8eda8ff00c14efe2beaba8968752b786456c1554ce3dab77c37ff000540f899e1e2925f6a0975f365e20b8dcb5e0cb0155fbcdea7a71c525a1fb00a34897e5fb35b227f0830803f953a7f0ae99a9db95934fd3a78db8cb46bd3f2af887f665ff82a32f8ded561d5e48434846229fe5c7e35f567823e275a7c40b54786ea28fccc30547cafe75c53a728bb3378d46f5437c5bfb2af80fc62cc2e3c37a5f9debe4ae47d0d789fc4dff825af82bc50adf62b7b3b1918e3f7b1968cfe75f4c40d75346ce9701047c6d90727e9560c82ead95645670c3271fd2b3f7ba32e353b9f96bfb427fc10b25d460926d0b4ab186eb0cc24b53b371fa0c57c13f1a3f672f899fb236bcb06ab73ae6876b24a105e24922a44338c9afe8f229ffb399a36dfe5632ac4e715e6bfb597c08f0efed11f0a356d1756b3b5b86fb2bbc733c60b29c1e95df85cc274da84ecd1cf528425ef25a9f951f0dac3e2b7c16f86565f10745f8f5a6ea3a2c110ba3a6cfa9969a60bc950a49ebd2bf553f60dfdaa2d7f6befd9cb4af145beefb57fa9bb538dcae0739c57f3c1e3cf87c7e1dfc43d5fc3ed1c9bac2f5a089012571bbe5c0fcabf597fe0de9f115e687a078e3c157879b1963bc55072137af4fd6bbf19453a7ed11c94ea352e567e901202fb9a4655ca7dde95234211b732eedbd79e2a39065f236afeb5e2a968775ac34fcc32caa3d0d46471fdef7f4a7ac3bd33bf9ebcd011562eab9c7229f3015b0245c2fcad9efde9a63640cc7e65e98f4a95c6dc3775e9c523c46446dbd4fa9ed46e4b21daae0fcbf2ae0f5eb4d5f9a59393f2d3820116dddb53b9f5a6b00203b59be638271cd0d1235f0597a86fe74d48704798376c1c7d684898c5b55b1b79c91cd2889941e3737624d48119391bbf840cd44df21c6d6eb561dda571d368fe1e99a3ca2927caa3239cf5e2aa2042f6e36f236f71ef418cb3fcdf7874e7ad480071b8962dd06e1d2a3f2fcc239f981ebeb54046d190fb87cbebef44bc3e3a2f5cd39e3dff00801f851246b18c960cbd8500351d5e46e3a6314d9a4f30af3dea460c8ff3363b8c0ed4d2727e555555efeb4ae042cb8563fc4dc5057745ea569c5707fdee8338a68894c983b973c802a75023921debb472a69c1446ca01e3bd18da386e9c5120c2746a4046c990ddb9e29162e63c76cd4a4ab74e79ef4c907ca7fbdedda802354f3673fccf6a899424a57ad4acbba4dbbb82bc9f5a6142d17d0f6ef4010e448dc74db51cc0e76a8e3af3daa696511ff0ed6f6ef55598e7afccdc91401f4422ef7ddfc2bd0fad3a55d917cbdfafb549e5fcae307d69aeb9207dd0dcf15d80341d807dde9918a0a7ccca7a629f12864e99c7a8a68fe3e7ef74cd00302aeeea5bd78a151a3ebfc478c54854a64b7a7142a16217a0f6ed4011ab6e52bfc5d68cec5c2aee507ae3bd3da1f28f2db96902e42f55ef4004a3033efcd302ed4f97953eb52e599ca9e38a8d8feec86e4fbd003591894dbc2f4a6cc558918f62715315ddb42f71938a8d10af0df2e7806801807943cb6fba7907d2958fcbb48dac3f952245b5fe6e597d3b8a74bf7f1bbef0e9eb53ca045b701f9ddc76a50aa096fe13c600a5652a138c75ce288d9632d9c056e9c77a9023c6d4f97ea3fc29b24664e0f75cd48493271f77be288a3c80c19ba60e4d04e8578d3cb9015fe1e3047dea7b264b7dd56ec69d8f35032e5b8ec680029f99776ee993f7681599599711b6edd963d6a344322328ceda9b911ed6e79ca9a8dcb34bf37dd07a0a0b571ae9ba3dbd78e3da9918f2dfa0c1c77e952b055f99b2bdba546c80a7f70e79340017c49b88e73506cf9b83f78f22a56e4327a74e6a195be7e72acbdc74340114dba352b9f93a0f5351347b86d0adb473cd48e57b10c47241f5aaf330772debefcd52d806ccfd57ef7a54721f9178fa8a09fddfe3d6a361c63b7d7ad2d806cc012dcae3b66abe36ab0c67bf4c714f97190a376d6ee6a29e4311f94fca3a8359c806be19cff0961cd4331fbcbd55b18c52ef60db17af5e9d6a079b63e3eef1c9cd2d4abdb624918140063683ce6a2dfb06777b918a634a1816dcbea463a530dc286dc5b6a919a2c0ddc7bdca14ede67a54324cd112be5fcaa33906a195d37191be66ed83d6aba4ebf372464e4e6ab9492795da43c2b0207183d6a36bc25f72fcdc60f1c83503cd9fbdcfa107a544753b787ef4c02af5c75e2a80f09ff8295fc5eb5f857fb3ff00d9e6984336b1238393fc28858ff215f8d9fb25782b5cf8efe29d7343d07475d5afb5cb8999771c2aa805998e7b76afac7fe0b85fb414fe37f10699a2d9c816de1736902ab7ccf23b0527f015f44ffc12aff64dd37f67ef87abe2eb9b355d5b55b758edcb8ff53101d7f13926bd4a75551a4adbb39e54b9e47e75fec23337ec59ff000527f0d41e26864d36de795ec8993e55479001f974afda2f8a9f1a34ff0002e8525d7daad4c8c032317daaabfde35f03ff00c16cff00673d13e2141a6f8b740bcb1b7f12c2e07931385691d790462be1df14fed67e39f8a1e0eb3d26fb58bb5d4b4b1f669e02db5a455e0568f0df594a6999ca5ec1b8b3f4ebe307fc14ebc25f0ea06586e63d5354c1dc913e2327eb5f19fc70ff00828878bbe23eb53496775fd9b6a4fc8a92b74fc0d7c81abeb97b3ca63b97915f760973ce7eb5425d62e2cdd97cd918af635d9472f8416a71d4c5b6cf4df19f8f6f35fd41aeaf2faeaea698e4832679fceb9abad416e20dde5c91c9dc01cd7227c504b82774722f427a135326bf2dc0dcd37de183915d91a292d0c7da36ee6cc91cc4b6d9b6ae3209a65a7daa2122f9d1b2b75e68d1bc3b1f886400ead0db9c6dc4831cd6d6abf0d3fe11c55136bfa6c9b86e1b0ee2450ecb70dce5750933260ff11e0d450c6c6cc5aa907ce937b11d140e79fcabacb2f849ae789ed5ae2cf4f64d363e5ef6f08b7878f4ddc9fc2b9fbeb4b7b0d32e2de1dd3df3e524b81c46a99fe1aae64d5913cb638cd4ae1b50d75a40a7687e00ee2b5a1b090959a2dcdb7aad68691e0bbbc655524dddbdab52dbc1daa5a4f1b84c43d3078cd3e74958af67264de13d33edcac372c6fdd4d765f0f2d7fb0355765f9964f9587a8aa9a37869a2b1f31a3e14ed2fe9f8d6bdc584d0a44ea922f192545724aa5dd8eca74edb9775b46d0af63bd1e66d638d98c6ef715269be23fb5dc3cb70c23562005ea5ab2b53f88abfd9b0d9eb36f2a428d88ae51707f1aab1c36baac8dfd9fab59866e0249f2b56314d9a4a3d8f46d17c496a2766fb6c76cd09c8e718afa1bf664fdb67fe1574ab6b35e7db6dd79197390457c89a5fc34d42ea7f9ae2191f6e415901535d1e8de10bed26681a786391173caf6ac2ad084b736a739247ed0fc00fdaf341f8e5a55bc2f7090dd05ce37e303df35ecda06b7fda76f247046d27d99f0181cee06bf09f4cf8cbaafc3d914e9b25cdac9d030cf35f53fec71ff055bd4bc07343a4f88a39268679799b39c7d6bcaab819a7cd1358d6573f5026bf8ee60959b0be48f995b8c1ac5bad27ced0f54ba9176f9d6efb14f4dbb48cd723f0f7e35f87fe305c7f695bea162b15c2aef06600271d6bca7fe0a29ff0515f04fecbff0006b59b3b1d72c754f155e5a35ad8d9da4a2474661b41603a75ae4f63372d8dfda24ae7e3efc75b75f13fed89e34bcb18fed16ba6dd9cba8dcb941cff002afbd7fe0dd6d52e3c4de26f899a85d7fae9044bf876fe55e33f05bf63ad53e1c7fc13ff005ef893e238caf88bc5be6df84917e611b1e3f304d7b47fc1b93129d5fe2432b1f9cc471e95e9d4adcd4a50ec73ca9d9a91fa8251a58d70d8e7f2a49a3c0f958360e48f5a95c167ddf2ed5f414fc9db90ab83edd2bc93a2e567f997eef150853b369f5ed5602b31e57eefb714c2547ccbf3114010cbb9f6fcbb69843337519e9c8a9648c33753f9d44ea565273f2b70067ad54408ff00d649c2fcb8c1a6ec64db8385ab12261ced50bc76a866cc8aeab9ddd4e7b5509ab8d9c311b55b9ef51b46c64f95973dc7a54822655552c0eeef4757e06de70491d6b325ab15e600718dadd69159a365f718e6a5f2ccdb8f3d319cd2a440a838c051c1f5a2e221f30152adcee1918ed48b2a881b6f2c7a0c74a91e4c9555f9b9c138e828c308db207b556fb810344c64c2fcd9e4d31e2da07cb8c1eb5332ef3850005ef4d7939e36ae3d475aa02291f7af23bf1ef4e99fe40c182e3a834a09284602b673d7a546136f279f734011b053c1effc5e94337963e61f2e300fad3c7fafddcb6471e9484b16f9b3ec2802275f97807e6e41c75a6fcf29ddb5b6fbd4ae479873e94d11e57b0ef50f701aa7236ede9de9af27f0ed3f9714edbb179fa1269bb370dc31f5cd2023489727a73d050edb15b1b97b6314e3f22fca29b70711f38cf5c1a00a7711961f3f5ec6a300c52ed0a1be5e6a697280165ebed50c48db99bef374c0ec281a573e8f49083fde671cd44cb927196fe956147969f295cf4f4cd3447b62e8b96fbdcd7608696f246dddd7dba534c3cfcdf2ab74c77a9121f353e5f971de9a58b1550776de0d00340df01dc0f1c022828ca4fcd8e3a035215d8ac47cbe98e8690ffaa5fbbf31ce7bd0035b72aede59bafd6933f6804701a31f9d48d132957ddb99bd29bc2a7cd90d9e7de8023c29c65997770dc53a4f948e1768e307bd39cef236fcb8ec7bd0abb1cb7f0e780c7bd004726d6652ab86c727b531ff0078d81fc27bfad4b9d921661c7418e9404f28fddfa103834010797f2f23e653da9274da01ebc7e55367746c3d4fa6334d8cb12abf9fa5004326e48d36fdd3d4d0e14b6dc30523f2a7baf992ff00776fb704d2300f1ed65dac3afbd4f280c1f230e3a74a6c8bb5176f233c8a982ed2bfc5fd6a06419ce183673c0e952360b0b460ed3f263a531d7803b8eb935293ba4c8fbbeb8a8e42bb30dfc47934088fcbf2d570c7039c639a8773479dcff7bdba54bbbcc1b896ddd33ed4d21a3cf99f32e383e9400c7c92cb9cf71ef55e4f9a7e5b8c638ed5317f936ff12f393dea3dacd9caed2bcd0045bbc84523f0cf7a64bbb70396f7a958e3e7e8bdf8aaaf32ca9c36477140115c05dc190e1ba1aaf3309650dcfcbc71d29656dc4eef988e871558c9e59fe2049a6f4d00748e640eac7a1e00a842f96dbb7741d0d472cbb64cf463d7150cd78aff0037cde9d3ad21a88e3bcc9fed0e467a541713195ffd9cf3ef41b862cc58fcc3b7b5569eeb70dcadf74e00a07e42c972ca320e3df1c5417afe644adf2e49a6dd5faf94462a9cf76c9cfdee01518e9412599ef5a31b557e56ea71d2a3697691e8c3a9ed5048e5d0bb75382306a9cda93347b5b0db7ad3d0762c4d36e938656e6a192e30dc81b41c1e7b551babf51bb6fdef4acfbbbecab6d6dbc64d21f2979f515b8b86dade52afaf7ae77e20eb567e16f076a7a848dff1ef03bfcc71f3638a90eb492c8a146edbf7857cc7ff00050afda76cbc31f0a75bd3eceea2925b380bdc6d3f7491c0ada953e792489a92e58dd9f9d5fb48f8b5be3f7ed6be13d06cf374d0df19e5d87eeb6ec0cfb64e7f0afab7f69dff00829c43fb3bf8763f0d58dcdbde6a16b6c96e628c8611e060f22bf2aed3e2f6b1a2f892ff005cb1be96d754bd90a8917ac6992783dab09f57bad7afa4bab8b89af2e2662cf2c8db989fad7d04701cd24e5b23cbfad351b23de7e29fed77affc65f16c3a95c5f2c525abf990c3fc22b9dd7ad2d3e236bb1ea56b32e9bac483f7e198794edeb9af35b3b9dac51edd5a4ec475abd6d27969bbcb7cff00bdd2babeafcbfc331f6fccfdf573d027f83fe286855963d3f528979dd1dc2e7f9d65cdf0ebc44b3bf9ba3b3374e1d781f9d72c2f6e2189a45b899437401c81505cf89e475586592e63619cbacc79a5cb5575fc0252a2f689d15e782354b78a469b499976f0a722b3ef6d6eed17e6b43b72300903159f1992584edd42ea4fee8694f5aa7f659a69583cd33363a3e4822abdfeaccdf25ee91d047a6ddcf19611c31a9ebba515a56365a8583abc2d691ba9c8666dd8fccd70a96b293e629f95f232588e95aba5e8d71705562766773ca6e2c71fd294a2b766916ba23d0eeec7c4be3d58adf50d6a2b88633f25b091635fd2b42d7e01ebb2db42d1fd86459537ec598310a7b63d6b0741f858da8ac731336c19dc431183e83d6bd3bc11f0cbcb78e589a6f2fa85dc7e618e727d3afa572d6aea3d4eca741cfa1c369de07bdd27598ede659adde46d8cd9dcabef5eb36bf04353d66ce1fde43342dc2cb1b0e9dc81ed5d89f85ed7f0aa59e9b25c49b032e6366dbedb8e3debdafe127ece1347a5b47710cdbe48fe5504f15e362b32495e2cf63079636fde3e7e97e1799b4b8f4fb0b792482dc64b93f34cdd09abbe1bf86b7c55e296cbf7522ec527b7a57d5de15f82234fd4e31343c15288117afae2bd7bc31fb355b5fc7b85a2c7f2e0864c8f5af2a59b33d88e5313f323e2d7c1fb82e34db9b55668c8e14e0a835e6f79f00adec5a492de7b98e48fd79afd51f12fec570f8a8c974b1c8d75712b090b0ff56a3815cf6b5ff04ff8ec7489a4fb12baa8c8671866278c7d2b6867514accc6a64d77ee9f9816b6726912ed5beb847ce3206735d5786f53d5224263d43cc5e98718afb13c61fb054967ba516b6eaf8f942818af2ff17fec7b7de1e5924ba48d61619408dc8fc2baa199d29f538e595d589e3b1c97da94aa925cc78079dacb915bda2786741bcc2ddea9ab273f3792d12fd719aafaff00c1ff00ec391bcaddbb3fc7deb993a0c10193ccb7533671c13cd757b4e6d99caa9c60fde47d13f0fbc37e0db6b56b7b3bdf12ccac30fe76a28bcfd1457b2fece3ff000478d13e3ef8bf4df14c8cb67a0c7389a526eda79ae4a9c804b703f2af85fc3fe2487c2b7dba3b7bdb77c8fbb9615fa09ff04ccfdadac351d513c2b757da84b1b8dcb11631ed35cb5a9ce3ef2653a94eda23dd3fe0a922d7c17fb2fbe83a5a178ed34f30431440160a38e82bc2bfe0dc8b6960d67e23f999dd8873918c57d33fb547846d67f07eb661b192655b176499b908304f526be77ff83767514d6f53f8a532a7dcbb10820f5c1358d195e94ae675b647e9d087c84fad4720f914eec6dedeb53312a020e7dc9e95195f9d70abee4f735ca4c8898e63ff009e6bebdea35ca1da9ceee589ab3e57998dfb76f61517dc8e490fd003de828a729dce7e6dc54e7da90a970cd85c9fbb535be1bf8776e1c8a8d23c12cc339e36fa0a0084066e3e6666e0d0b92cd8fbaa31f5a9b6ed6f97fe04314d78f70c6df954fe754b502191770db8e4f53e94846e257f84f039a7bb029b7eec6bdfd68f2ca9eabb54f1c5503d4aea99dc3e65dbfad30c6d9f97eeaf1d6a670248c7ccc39cf5a455c0c329f6e6b32794866da3f76bd0fde34cf29a40adc2e0f00f7a9ca009d38eb8c50e498d5b6e36f6a7706432028f90bd3af34cd8cc4b13f2ff002a99949fbbdc64d4586ea7eef7269f312465362e776ea6ca0b43f363dbda9e5091c4791d4629648a351feafe6ebc9a6808760893ef74fd69ac9b87f17ad492ff00130cfb814d97e65e5be5c530236618f97f3c74a424c9f37f12f423a1a7f6da3eef6e691e1c9c1fbbdb9a56018eb90acdeb9a4dbe6bb37dde98a55c804e3007141f9c2f73839e78153a81191b5b9fe2ebed51cabbb1f53cd492ccb1a7ddf9aa3d8701ba6d3d290110f98b7a6718a634054edddb7bf4ab1b7749d0fcc324d4370cde6fcb8e9dce2a643d4fa21143b6e03a75fad120429f2ee62a7f3a91ff0071285fe11d08a455e7a608e48cd7719adc4d855b6e0aae3a0a6451fce70a19d4f383d2a6299752bbbd0e2811a8ddb57dc638cd058d51e606f9768cf7ef4d36f82bb70de993daa50b88dbbb76e69aa4c47777fe1e3a50047260056ddb7b6da6c89f3fcd8c7507d2a548d542b48df393d85295cb373f77b1f4a00864412056ddc8ea6864dff7f9553daa4fb3f395e8471c539a0556d9b4eec6473d68021237a953ebc0a64b2794a1773305e322a5109c37f17f4a3cb68c955fe21919a00876110a91f364d22c7b0ede55bbd49b370e777cbc9c1a44ce149518c9e0f5a008e5f9a42bf43ef51b7219bafa54ccbb9e4f6e723b534462538ced6c6723bd0043212aa08e307ad129dbf773b9bd7b5393e690e3b7514ddbe7b3b7dcec2a64031b76deabd6a22a65c7caacbd3af4a9b66e247f12f38ec454133b4273b54ab7381daa4062ae5dd7767d0fa547721cc4bfc3e9cf5a733e246555dbce4fbd36466643fdd53da8021941f60ca3827d6a06924741993638ebe95316d8ac4166e7041ed5119323206ee0e6802079248c3799cc6bd1c1fe9553ce8f6fcac339c7a55acfee9a44dbf29c106b367894bb73b4b7343009ae40e092bb7826aa4d372b8c6ecf0734fb9982daa8fbdfd2a8c936c2abbbef0e98acf56039e6f3a42c0ee2383ed55a694c69f2fdecd3259bcab9e3a48b93ec6a39675f3138c60608cd16655fb0ad70b331272aca7b77aa9712fcbf2ae793492b6036e6f973c55692f02bae719c633e95a122cf7387f9c7de1f85577b958c921b3d8fb5437772197032ccb91546e2fd51b2f8e7d0505f293cb7ed9214b63d48aa375a979733291c818cfad55bdbd913ccdb8fa67a0ac9d5357d96ec5b240fbdcf5a065cbcd6a389b6c9f7987f0d655ceabe534924f37971c633c9c71591aa6bcb6aa2463965e141e82be6dfdadbe3dea16f790f87f4eb9f2ef2f949bab81ff2c231d40f7ab8eaac528eb6377f6abfdb6ac7e19786b5083459a1fb6aab219b3909eb5f961f157f686d5bc7bf0c7c517d79a8dc5c36b979e58791ff008413c01547f6b4fda1e5f136b17da1d8c8d0d9d9c8c8f203f3cc471926bc7f5d90dbfc3fd1f4f7998acaef70dee33c57d0e0706e11e691e3e2b1177ca8cef0fe93a75d4b9d46e9a18dba141deb6ad344d1e0654b5b5d42e3772acae307f0ac4d33c36356bb85633e64721c6076af4ad1bc1b6ba2dbab3ef56030b835e94a496870c6ed9896da3055ff008f4dadd99cf4ab979a769ba65a235c4d1ae7ef6d35178a7578ed23545667566c051d7f1ae6e5325d4d99547facdbb71dab3e66cad11a171ade9f0868e046953a024566bea567730966b2f302f756c67356ac7c3d26a6cbb1bef31006318c577fe15f82dfda56dcc6ab82094c7dee3fc6a6a568d3f899a51c3caa7c08e12cedb4bd48b2c71dcdab28c63a81f4adcb7f01dc32466de613c6c3e6f97e65af78f873fb2b2ea0ca5a18d8e1474e4e7a57b9781bf622b7bc2bb8aa4790c411bb1edcf15e262b39a70764cfa0c2643566af23e3df0b7c0ebad6ec6468e6d3b319deb048adb9bb1c574da5fc07d452ed7fe2533452707746e067ebd0d7e85783bf616d3cdbc6dfbbf989652a9865c718fa1aef344fd8f2cf4e823919558ab6795c9af12b71149bd0f728f0dd24af267e7bf827e145f693756aab1fcd19394b84f90fd7fc6bdcbe1cfc23b8b8bbdcda65bb44cb82109f2f04f515f5a49fb38e8f1da324d6b6ecea410707771d7a56f787bf671b386dbccb2cc0a061b2c79fa0ae1a99b4ea1dd4f2aa74b44787780fe17ea09aaf930dbc712cac0e08c84ec315f4bf877e095ae95a743f6891a32a9b4b6de49f7ae9bc13f09d742ba494949a48c649db8aeea5d296ed572a0a37047bd70d4ace5a9d51a6a3a2380d03e14e9eba94774d1ab7d9f76d38e1ff000fc0577b65a143146a91a22fcbd00e4d6a683a1fd984ace11a371f20fee9ff003fcab424b156ba124688adb7e523b572caa5ca31adf47b31be38e14591976b7b9f5a49bc0d0de59ba4dfbc451e9f8d74716951ca55d9406ce722aca589953ef6477c77a9e603cbf5bf81ba7ea96ea3cb7e38e2bccfe29fecab1eb3a74db635458f8e172d8ff38afa796d3c88a3233b58e707bd477da5addbedecca474e9446528ecc34ea7e4e7c71fd976f7c3d7f2e2d2496124956cf415f317c4ef024fe1abe6923b595769e58738fc2bf6d3e25fc20b5f1046639157729e081d6be46fda43f64350b73359a279d83d4715ed6073270b46679b8ccbd554e50d0fcf2f0fd847e2ab57512c315c27aaf5ff0abdf097e235e7ecfbf1774dd59a358d52611cefdb613d456f78c3e182daeab750aefb3d4909dca0ed56c7715c6ebfe2154b64b2d5a38e68d7e41291f329afa68548d45a1f2f5a9ca1a48fd94f1a78c34df88dfb36de6a5677cb791dc68acdba23904f964d7cb3ff06d5656dbe2abf0adfda6531d87cc6be6cf82dfb5278b3e11f8027f0cd8defdab45be8dd144a33e58618e0fa57d47ff0006eef84aefc297bf112ce5923b98f50b95b999d3f818924015cbec79213265272e547e9d181b1b5885f714d31929c7183d7bd3b76e6d8dfc276e2a6601a0fef37afa570e83d5959a20a37b6ef603bd45345e615dc4ed1daac3619176f55ea4d35ed491f337ddeb4996552c0c3fea8afa53595827f0fca39f7a9b62abfcdbb6fd7ad24e76152aaade8290158ab0403ef337526992068fa125be956641d3ee963d3d054336e09bb3f74f14d302164c47f30ddf37028902e777f77b0ef524837273d7a81daa309b63ddd1bb0f4a7ccc08fcbf9b77f0f6f6a8dceef976f6a9dc6cdcc49dddfd05459e304eee38e28b201ac362719e9d0d340c8cfdefaf6a99d770e7f43509def2919dbb7d051615ae471a75fcbaf5a6889998a95fd6a493853b7229b332efda3fd66393522646b91205191c74a6ca5970cc460f1cd4883ab05c76a6cb10741f291cf273551248640c96fb71f8fad33600b92159476ef9a791b78ebbbd4f4a008c283b71cf26a80889dc3eee31c641a47407d7db9a70f9a403b7718a7491e5b8fbb401094eb8fe2ea09a6953b4aae31ed52b43b3b724d2343e58c7cbb8f34a5b015dadc05ebf8934c3bb1b76fca7ef64d4bf2ed38057eb4329dc15b8e6a0087cc0a46589dbd3155e7467972d8e9572484e791f8542d0eefba79f535322933e8a58ceff009bef1fd69cca23dbf5c7d69597f7aadfc44648f4a5f2ce3d549ebdebb89b2068f6373f7981e33d2991a72c39da7a7b5492045907d29246518fbdc9cf34011c8a242b86c763463e5fba405e952b053fc3b97b5441773ac796daa73f85000c7ce0dd0aaf4e284db231c70c7d7bfb549215116776dc755a1937b2afcbb5ba7b1a008e2c08caee208eb8ed401e64c5bb28c64771520f917a7cdd0d3660719fbadde8023dcb0aee6ee723340ca459c92d8c8c73533a7988aadd477a8de39228f8c7cbd3e94011c71e5f683b97b834d28718e777dee3d2a6215d1bd1ba9151cabb5777f128c7d280219c2c6ea472241820fad35ff72d96da028c74a98babc61986dc714d1b77e4ff00ab6ec6802b93bb7755e786c75a8c1dabf32eef71d8d5ab98b2ff002ee2a06403d01aafcaaf3f5c54d99518df7225f99d8f655eb4cf99be6daa4f7e6a493e4b6cf7539c544e4bba9fbc1bf4a913dc8a50db55be5ddeddea272c5f69f9768cf3dea59a3642d8fbac381e95048ec23f7031ef40863cebb79c6d63d2ab39655dd1b2edcf41d6a578c98b07ef6723daabbcbbc7dd552bceec75a00af72d1b2ee5fba7a81c1aa3338272df31edc74a9aee4f9777cc1bd4552be9c6176b1c639a893194ae6e7647eaa01e955ee27545563faf5a4bc9d9657231b00e2b3ae2efcf5673b7e5e0525b96493dd08ae029e50af071c8355ae2e94b333377aa57d76d1cb190c033e41fceb3efb5329395f97dcd682b1a13ea0a4f0c31db3deb36ef5501b1c7a935937fad6e6382a71eb58f7dacb2b1f9b3dc505246e5debaaab95933bb8e6b2f54f11227de6e3d735cd6a1aeb06dc1976fd6b9ed77c4fb55be61b4f519a5a8fd9b7b1d4eafe2df209c4abe630f5e2b98d67c5f108f0d70cbb4e5803c5723e20f157cadb640cddb9af39f17f8fa4b08a45dc0eeeb9f4a669185b73a5f889f19868d04d8b8660c3239ce2be26fdaa7e383781bc0bab6a525c19358d5a468a066e5957a715e8df12bc74fa99f964fdeccc15803f76be25fdb3fc712f897c6cb605d5a1b0f9571ea79aedc061dce6ae638eadc90badcf11d5a792fe69249a4f326b89324e79624d5ef13b8bad7acec633f25bc290f4ee4735474a06f3c496f1b0f915f79fc2a6d322fedcf11c9966592590b2e3eb5f576b687ccabcb73b3f057864784a679da662e4606e190b5afad6acf35882b70cacc3924600ab5fbed134b556dacec319906715cbead3de6af72c924c76a8c150b8502b9dddbd4d7e1467c6c6e6e0c7b8c92e786cf07eb5ada2784a7d6ae51b6b6edc791cf3ec2af681e1f4461b555f71c3362bd97e137c3c5bbbcb7f93cbc105b0bd01f7ae7c462634d1d385c23ad2b199f0a3e0935e5c4724a3ee9c8e3ef1c57d11f0dbe0ddb18c2f92b95fe3c7271dab43e1f78363d3df688bcb652487c75f4af62f08e80b1db30655e8307f015f1f9866539cac8fbccb72a8528ab90f803e1bc7a7db472470af98bb40ddc77f4af6ff05f80124b65dac8a14e4e7a902b0bc1da7a29465399308bd3820d7a36849f6efdda28555f9b238cd7ced5ab293d4f7e34d45591d07856d63b3b64555dd24790d91d33d3f957516960b7647eefef72580e3359fa45a2481b6f5247e600ff00135d7695a5208d777a7f09e2b18b6414ecf408a45dd2431332f5f97a8ad4b4d0add616daacbb492bcf5e2b4a1b55668d5b3b578e95a56fa406873b5793b49239357b19c9956ced4fd93a7cdc0e3d6ae69da33432c6cccac393b7d4d5cb7b0c329e17611c7b75ad2b5b35f263693e5661d3d29f312ca9f62576c2a6dc8c124f4f6fe756e3d33f78b1aaaec02af2d912bf28f97b9f535359d9309c154dcac70dc54f2df5279ac51b7b262aabb76f3919e9ed522da795133020e7a81fd2b6acb48695b716e9d07a55b8b484858a360e0100e29f2873230174ff003428556e9c51fd9be5237a63bd6f1b2508a36fcb9e0fad36e2cf73ee55ddb7800f4e94fd981c9df693b9772aab15c0c115c4fc40f8730f8a2c268fc9f2a47070eaa09cd7a85dd9ed6c2fc9deb2f52b3592272ccabdba75a9e569932959687e67fed53fb2eff65eb13dc496ac9322b62655eb5f0efc5af0635845279c893b2b90d818cfbe2bf6cff687f84d1f8df447648a469a256002f7e2bf27bf693f0eaf86fc4b796b7306c7dec8ca4631cf5af7b29c53535167939a61e33a7ceb73e73f1ccda91f00c91d9993cb48c8f322936b2d7e8d7fc1b44930f03f8f3ed0f235c2cf192cefb89e3d6bf3ee4096905e69dfbc6866076e39eb5f7c7fc1bf31dd782d3c68d751c96f1cd3c4bb5ba918e0d7d2e2e51f667c9d38cb9cfd54b24217f783e72d9ce29ec143aae4fd477a718a396df72487d4734c8a7dabbb6eee7f5af08ec4433c3f78ab77e94d68f663927755a9226623771bbafbd421766eff003814010ca15d6a164e471f7bf4ab47e51c7cd50ba331e3f8bafbd0c087ca5dec7fb94d58b744bc7de356338f948c0c7151ca77051dfd2802bbae037dd0c063151c906d5fa7438ab1b5d8b315fba3a63ad4722893bf51d33401032fc8bd580ebef4d55c47f77a73f854a58038f7a6ededf37a53b81094fdfb7ca3e6e9ed5186553f37cc49c1a9b66e18eec70c7da8581430c80197a134eec081d9437dd3b578151489b076f98f35608567f98e5b34c6daebf7723343416b9017c4b85e5876a597744b966fc2a59195067f8aa3f2f0773771d695c968843855cfcbf2f2770e6a36015b7285da79e7b54caab2127276e78cd35bf894b0dbeb54992424eef99bef7a8a6c58317ca79f526a4c7eec1dbf77a8a1e35c820053fce9811e30caa5b3c679a691bb6e1be6edc54dc1dbd0d46c37237665ed401032895be5cf5eb4ac30771e89c73de9c5982fcc30bdfde9acc07bfcdc66a1e803725d33f75a9823f307f71474cf7a94caa0f4f9bb9a8dc6f8c0ceefe9480fa3114160bd32383d4d232b1e3eea9ee3ad4b2c5b40dbd18e73fdda4f2965761d401eb5d84dd91491fcaa5402bfc5ea29d200db47f7bb1a97705438e57a74ea69813cb64c0ea7273da81ea4532f9985042afb52b9d818373ef8a59036fddf2d3a48f05581f973c5028ef619246aa3715e57b67ad22a2e41c310bda9eeb987695f9b3cd39b0b2f00e18640f53414468bb2e36e7dba74a04781b5bfe59f1934f66128ddf779a42bb9795ceec64d0047302db57f8b3c50cb97c96e8318a91818d07f7f3f29a1d42a871d5bad0045126e192df41da9980cbf303d338cd481774722a9f703d6a3789660bb4157ced383401190ae9b76f5e8699751798361072b823153cadb01465e5703a54633b77138653f29a0086e10c83ab2ae30454728232bb5485c75eb52300c58b73c1ce2a2c8072d96e38c7614156646d1e71f2960c320fa5407fd67dec2fa62acb38237ae78e0a83504fb8bafcbf2fa77a87b848ab336d93e65fa1cd433318865be6dc7f2ab4e44927dedcbd87a554b96db9f4ce4d44b72482e9b7373c3763e82a9cf2b46b1b230f97a8cf5ab57122b395662548cfd2b3ae994484faf6a5ccc3a95aeef3259b7023aed23a5665f5c2b382ac57bf22acdf4c1657d9e95937d3ed83e6eadc0f6348d0a97f7992d9f91b183ef58f7d78d1c5f7b2c392476f4a9757bf64c2bb0f980eb5ceea9a8b217edb8555ec3b11eb5aa602fef08e727dcd62ea7ad600dcdb7af26a9ebbac050a59bf8b8c7ad72fabeae1ddbcc66dbd719a398ae535355f12ab7f162b9dd43c58d245f349f77a63d2b1b58d6f6ee6566555e3ad725aa788772383212cc78f6aa2e28e835df192c40edcb8f4cd727e20f1ab140ccdb7fbc33d6b9dd63c47b24fbcd8e840ee4571be20f1391237ce5b1fa51b8234bc45e3c36b3bed93e5c7426b83f1478d64b991be62c18fe559bac6af25cdcc9b98f1c806b0f53bcdb19dacdb8b734f96c691397f14f881a192faea4daa96d1b3291dce38af88fe256ad26b5e23bab890b3799216e4fd6bea2f8cfe235b5f076a5179d89a4e319e719af92fc52c56f24f9be6da48cd7bf94d3d3999e2e692d918d677f2594ed3291b8a94fa03c1adff875a29ba98dc61bf73d5b1d3e95cbb0017fdaf6af4cf00da1d33482ec594c8b9083926bd4a9b1e6423ad89aeaf6e2fc08d7cc65ea59872055cf0f695f6cb83e605693180a79007a9a8a782f2ef7471c9b1645f9c67048f4aea3c1162ab691fc9fbd665031dbf1ae7a93e589d34e9de491bdf0fbc2cb2eab1ab066dbf7b8c57d13f0cfc0ff00657f91559c8ddc1c718af3df85fa1326ab958cb795c81d4838e79afa2bc1da147a6698b24cbf36d180319193dff4af93ccb14dbb1f6994e122a3ccd1b1e0ed1d633992353c71bb9c5775a35885b70aa8acc47735cee92aa42aab3aa93938ed5d4e8c098376772f4241af9ba92bcaecfa6a6b43aff085b7956cab22b2856042af5f6af4df06691e7bc8be591b0000b75af3cf09dbf9c37b31f957e504f5af5bf09968ed906ecb606e3eb5cb2dce87f09d4e89a5c6d12bed3b8e4673dc5751651148d5557e7ef8ec2b274283cb815997ef72a2ba4d3ecb6ac2e1b1b88fc2889cb2dcd2d32cfccf99b6e18648ef5a305afda176945f94e41cf35058ed91f7123cadd818ec3a56b450ac511c7dec8c11e9556b99c86d9d9292b9c6e2707deae5bdb798c1583008782475f6a960b4f2d559982e46e55cf5a9edbfd204614b153edd2aa3121b248a0523e5c8da401ee6b42df4dddb085d9cf23349a7dae61f987cc32335af0db2a6c0ddb9273dab6513194ac430691fbac3056c10703bd58fecf51c9dabbb8e2ae416a8bf36c66f6152f96a236458ff00783d6b4e44cc2550cafb22e4295f7527b5477366b1af75dc7079e2b4a5830bb76e370fcaa1b88c8518e703915972d9971a97316e2d3ce907dd6038e0565ea3a7aa303b73b7b62ba4b8803062aa003d6b2ae8ec1db9e302b292b1bad4e475cd23fb522917695e33f515f99fff00053bf815058df49a9595bc913124b499fbc6bf526e6d8a905413bb8619e95f26ff00c1453c0f1dff0082aea4e0caaa4aae2b4c3d4e4a8a4675a9a9537167e3a4cb269b7e24900468d806e3e56afb3ffe09b3f13ae3c0be35322ed686f1544e072a53fc6be4ef18692ba5ea534724bbaddd883bbf839af49fd8cb573e14f1b85fb52cb6b2caaa017ddc1eb5f5d8897353b9f254e8f2d47067edb785bc63025ac2db1a7b5994324aab9041ae98dfc62356854ba91c63b7a578afc1ed7aef468f4fd395d7ec773089220dc85246715ead07da6d8a9dbb61523781fcebcf09c6cec6b46649177c8abb472a3d29b3272c33c1f5153f9919dbb5976b0c0e7bd327e9fef0e0d0410cd0f96576fddc76aaedbb38f9b6e2ad9842c5c9f9947406a09d360c15038a680848d8377dec743da9b8caeee3dcfad4cc8234ff0067d0d427a30eddbda9b5602328d9cf53f5eb51343bd97a7cbfad5950a916ecfd3daa321fca0d83bbb0c54815f1b9b1c648e31eb51c68cc879f957f8aac38655f987def4ed4c202fcadc2a8e9eb4015d537332ff083f9d22c39ec1bd09a9767c9fed2e71ef51f94bb3e6dc37568043b71b5542b73c914c6428caa31d79a99864aaaaedc1eb4d2d86dbfc27bd0042ed87dabf439a4652cdb4b707d7a0a53851fed1ebfd29a577be369e959810cbb8b73b4e47e544a570bd33d78ef4e54d8beabfc8d0fb4edc28dbeb8a09911842d2b7ddf4c9ef51b43865e46e07ad589404fbc5b9ea2a1c797136d6a09188855c6e27a6462925040dd8f735260eccf0c33eb51b1da4fcbdf9f6ad1011c8fe66154b6e3c8c8a0a607ccd90b416dc785f9bb7d29255cf1f7463a9a52018514eefef13dfd29b210a72a42a9ef4f27cc7cfaf18a4783cc8c2f4dbdaa00fa41976ae181da3a9f5a6245866c6ddadd0d285f976b06638c1a5f2898d58f18ec2bb09f98d50628b68da79cd2a26e51d372f24d3dd0052ded4c641e5377c9cf1407330c063d46e5ed51eddc197d4f18ed5348704eec138e00ed4156629b71861cfbd011dae3536b856e37f7f7a6c685e55e7729279f4a9008d3f87e6031c7ad2a288c2961f373c8ef40731113b9d548dbb4e0fbd46a7cb53b73e991562446318db8eb9e7d29ae3e605780a7a7ad0491911fccd839c720f5a62908721b771c7153cb1091c30f97bfd6a375539660d9031c76a0d08c9412fdef99871ed43b62540db540e58fad3961114795656ddd334863463f2aeece09140104f202edb1be566cf23ad365c2a281f7b39e4548f08f39b70dbbb855feb4c6863753d9978c9ef41712297e68c139561f91aafb7e61f3edef9f7ab1228455fbdb979c9a81cef9036ee0f6f4a064770bbcfcdf981d6a091f1fc5c7d6a694a9fbb9dbdc1a8a51e6630a176faf7a991322b1501be52bf2f5aaf2fce9f89c8ab52118e9869076ed54ddd586cfbbea6b296e494ae4f5cff08e0f6359d72c555b1f75bbd5ebc2c432e7e55e9ef59b3ce3cbff0077a8a4545197a84997dd9db83f9d626a576aeecaa1957b9ad4d45f1137cdf2e7231fcab0358b8cfcebd31c8cf5aa89463eb37e06e1f7b8ef5c9eb3a9e0b6ee140f5e95a3afddab8931c37245725aedf284fbca0e39cf7a934e9a18be24d67cc42437ca9f745727afeb83c86f9c7ccbdeac789355689641b8609e2b87f10eb383f7b70c60f3d282a31657d6fc40d29ea47b93d6b91d67c44c07cd9c927a1a935ad6b185fe1f415c9f88352f9b119e33c134d365f2322d73c46ca3083861d735ca6ab7ef71b86eddee7bd58bbba62e55be61eb58f73379719dcdf283c56f18a115a79f6cb9562dfd2b2b50bb8c5bc9f365f927d6a5d42e392e32c2b9ff00105d7f676877d74cdf32c2c47b715a463a85eda9e01e3ed69fc43af6a51ffcb08dcae0fb5788f8ee3686f5be60377ddfa57ae687136a9757927facf3199f766bca3e26ed3e2175c0daa31c76afa0c0e9a1f3f8cbdeece76d9564bb4da3773c8f5af5ab7234eb3b658f6979231b51bb1af3af07c51ff6aab315daa3b8af43d2674b6dd315f327dbf2b76515d554e7a23923fb2ba47248a6499800abc75af4af873a34926a31a6ddca0632e7e5af2bd0f503a8789449215923b3059bdd8f0057b5fc0587edda9c713ab3b5d3a95c73b2bcdc74f920cf4f2f4a751267bc7c26f097d9e28a6991449c94e3ad7ace9f16ebad83e56232df2f6ac8f0e694d650db43e5a811ae598b677574da447e580db5bdc83cb7ad7c1e22ab9c9dcfd170d4d460922e68d030901fe1dc3fda38fa5759a2da188e738dc31827e51ef5cfd92ec6f3433b6d24e0fcbdaba6f0fb795b146e90373b480aa07f8e466b8a523b208ec3c2d0f9970aabe592a41f6ed5ea9e1e85e68fcccfcaa4638e4d79af866754687746bce1723b93d3f2cd7a8785655820457dbb97d5b83d874ac1bd4a91dde8f1a9b34c6d638039e70735d1e9702c91f1f77ee8f735cce83161b96c8c838ed5d859a2c014b305e0656b45b1cd234b4f8963455c0e3a67e95b102011aeee46dcf1daa8e9f07992eec77c8cf6ad3b58fcf913e61bb774fd6aa313096e4ab686f5c1dd855c8e474cd5db487ece2344cb055ea69f0c7bfe55fbbc93ef57becaab147f2fde18c66b6513394ac49668cd1aa2aede38e3ad6a4106ddbe67dec006a1b48c44e7e5dcc47ca476ab909defe5e38c609f7ada31396a48982367f7608c9e3dea6b88170595773f7a2dbf710afca59b1f7bb54db72bf2a85fc7ad6dcba1cee467c91c885d4ae368e01aaf3267e52b963c9f6ad2be0cbcaa9f9b8e6a8bc722365bf11e9585489ad197733ee602ce7a96ebd78aa37d0c8fdd55874c74ad29a1dca7732f5e2aa4f1c7b0e30db78ae691d71313508d665f98ed75ef5e3bfb60f85e3d5be155f3be0cb1c4587a9af69b9849ce06d75e9ef5c27c76d363bef879a879d1ee6103638e4f1d2b34ec745b43f08fe316eb3d7af19e05b8837b65547bf3517c2b9a19ddaff458d85c5bb2b18d8f420f35bff16758fec2f1f6acad6eaf6ad3ba918fb9c9ae7fc070c5a6ea9a8fd951843751ef42bd0357d841de8af43e5e71ff006867ec17c00f11c9e3ef839a05f5bc7e65d476e8ccc074651c8af7cf0feb0bade996ff0036d7202cbfef0af91bfe09abe20b8d67e134309660d1c2c0127009afaa7c3920b6d7ededd970b240b2e71c16e86b8e272d6dce9442b1dcab05fba7938f94d4af1ab3e47dd6ea3d2a4ba87ce83637de1d314db51e646b9e571d3d6a91891ca9e647ff003cd89e71dea1915511b03ee723dead1558b9e59bdfb5433603647de66ebeb459015f60652ccbdbbf5a639c9db8f94f4cf6ab2f0a8dedd091deab4cbe61f947fabfd28dc08a58b85fe26f4a6b21f357b607af5a98b803fbccc3afa536689829c0efc7b50d015153ca2fbbf8cfe5484047c81f778e6ac18c0e4f2cc3934d04671d2a40aaf1e634dddfa63b546a98e0ee53ebeb534d1a86c61be53f90a6984f94d9dc71df3d29dc0ab23aafd73827d680ad31ff006452f24ae7d7ae3ad2baef976ff2a7760438e5942ed1d8fad46eac58f5e781523a92b963ee07a50edb9fe50548a2da815d631e77f7bb13e9430f301f98055fd2a666cb7cbc67835105c062d92a4f4c5489ec3389643b777230093d6a3f990ed665cfd2a60303fdee8a7b546a9b14ab7ccc0824d040d51873f2aeecf6a1c90ecbebe952ee5490fcbb589eb8eb51487059b9f99b1ef4010bbe1b8c6e53d48eb51c8bf2ee6ec71c1ab01763fdddcbd6a127e5fbbb727a55f402268fcc1c6d0bf4e69b3291c37cde9834f78f3b54678e6a32c57ef7e82a00fa502723a6d3de9f22ee083f87d695be521bb7718e94d3d997a2f515d80113361872cb9a6c6aa15b6e494a9b66c0c17ef1e71508c3c5f2fcbce0fb9a0cf51ca9b937ff00cb4efc546d8919704f4e00ec6a58a162ff00ed0fd68662ccbf778e0d069d06c51052c7e50c7ef67b535937c6c3f841caf34b1ed9260d82a57afbd3ae0e1372ff0017cbf4a09e5078f705c2f0ddf35190cd1eefe2ce30453964207cc395fbb4d547dfbcfdecf1cd050d8e1d9bb04fd29cebb8153c36393d8d123ee93eee79c92282aadb87386e682625761e5baff7073ed4e2ca5bfbddf1e9429091ed6dc77371de9b36e8a56fbabb87068288e48f2518ff00789e7a8151c907993b7f7319ce6a4dacf0ab121ba83ef51b42c85587031f85054489a4f9ba92adc00698e8bfddfba719a7b7dd1b886c1ce3d454576a37feef6fcdcd0510ce3241e003c66a1979caf185a9258d59147dddbdea27658fe4dc194ff0f7153226457b956f97f89bb37b551b82be9f30e0d5bb92ead9cfcb8f96aa4b7200e4631ebdeb296e499d79300c46edbb7b76acbbf2539ddb95b93ed57eed943f53fed7158f76d1c25bab235365c4cbd46568a3f957eee739e86b9ad72e70bb82e001cf15b5ab48b12b75da4e56b99d7a6d832c7e6c1e052e85c4e3fc49751a866fc7e95c4f883515446f972b8eb5d378aeedb748a07b035c17886e3e56666e8319a451caf8a358f2c6739193d6b88d7751599f9c608c9e6b7bc5b73b815ceee735c56b77c0af4038c64549d11b98da95eb34986c8dbd0d73bac4eb95607be0d686b3743017e6fa8ef5cfea576a859589c678aa81a49e851bd9be76e371518ac9d426f37a86f98648156a5972fb8e7e6ed59b72e1fe51b9bd8574eda98752a5d3aaf0ad8dbfc3d48af31f8efe237d17c233431c9b64b8e307a85af4fde34f8a4611b492750d8e16bc1ff699d7926b67b7932cdc1257ad6f47566388d22733e0fd31b48f0735c32911f96db59bab66bc27c5b726eb5a9994e793904d7bd788b52fecef850a5b7299220a39af9f848b36aadbbf898f5e95ee606fab3c3c66c90be1e591afd769059beee3d6bd02fe4fb1688d142dba66004acbd8fa0ae66153a72ed86d14487fe5a64715a16cc936a3a6d8866dab2f9d331efb79aeba9a9cd4e56d0dff00b22e81690db2ab2cb22f9b293d735f47fec73a13dc6b71c92ed6062ca291d38af99fed4dabf8894332aa33e4e4fde19e95f5ff00ec7163f68d7da33b76c71edc03cad7879c4f9689efe4704ebea7d002d7ca91c61976e178e0b56a58f2537ab2ed180a3a7f9e6a3bb8634b9f9518aa8dbcfa77353da48e90611861b0a49fbc067afd6be0e4efa9fa2c626d58c69b546ddcb919c0e95d0e989e43798bba4d87953db8ff00f5d739a65c429205fbca3db826ba8d181b39fccf25a446386c8fbb5848d62765e112c4c6ccabb430240e832474af51f07dba0b4caa7efb077123827d6bc8bc3b7f0b5dc7feb3af00741ea2bd53c297c26b55ddf2f987000f5ac56e29c59e83a3057c7f7b0b9c74e3fad767a40dc42c91eee011df8ae2fc3f31bc2aa39656c13f876aebecee1a18bcb89779e3af06b58ec72cf43a5b320ab01dbae7bf15a5a745b603c73efd4551d3a607691f797b62b5ac949c8c7cd8dc07ad6f0d8e796e5ab3512204d9b718fcf3c55e8a13e6b2f40bc01e99a8ade0692262bf7b3922addb2ed3b99b93eb5a44c64cb964562cf395c6d39ef572de0f39f83e5e79cd52b11ba7e7f8474f5abfa792af8c6e25b3f4ade272c9972d9156dfe6f9973f2e7d2a7961dca3d31c0151c088aaccdfc7c804f22a24be8446db64ddb71b867deb5bab6a73ead897c9b163ebf2f66aa1793837015d946e1c73d7e959fa8cf2aeab35c35ec4f6e597cb01b8503ae6b3358f1a69715ec7e75cdb99a33950ac0e335cd525a9d94e83dcd5976a7caed85626ab989551d57d7f2ac65f897a2caec0de44d221c6df4abf6fa9db6af1ac96f26f5618c83d2b9a4ae74aa725b91dfa2a12a5437bf735ccfc42b15bdf0b5d230c068581c8cf635d55c6e43b4b0e9d7d2b07c62ccfa4dc4606e6689b3f954c9762e3ae87e11fed2da24ba67c53f115aac8ade5dd390b8ebc9ae4fc197517da16cdaea387ed08463201cfa66bd4ff006d9d19b41f8dfa9ac980b34c5d8afb9ef5e27a568167a57889d5bccbc8e65dea02fdd24f1cd7d561ddf0e7cee262e35f43f533fe09e570fa07807418bcb05aea22377a75ff000afb0ef6dc14b39a20a248f03eb5f277ec2b66f63f0d3c26b34657f76083ed5f613dba25e58da95dc5be6247f0d71c5ea72d6df52ea5cacd68b22e1a4da4118e869d1c456de3c7a5411dbfd925963565ce7a7a55b86327e5cee15b44e72372c4e370f5e951c885c7ddfbc6a79a264656c73ed4c9e2f30839dbfd28604321f35769e2a3741b83056dbd33fdea99e3ddfec9c601a1d002a39da3b6383472814cc2db98aafd474a8bcbfde60374f5356ae1583b1c7eecd46e80c638c772285b810301b7e6ed51fca4ee6c2f7e2a69b1b7e61bbd054521c638e9d7da93dc08b7aee6e7be718a8de36ec708dd41ef523e77ae147f8512295f9b6ae6901564db20fbd8c7000a89e2f2d3ef1dd9a9a421dba7ccdd00ed4c7f946197eb4c08b6aa3b0c7deeb9a64b201183fc59c74a9a5181bbad4223665e060e73cd3ea0308da43638c6714d2e376df51c54aa76bfddedd6a371876f7fe743dc08f6052cccbb47ae734d0c0c6d8cfd48a908551caf34d0bb0161f329ebed524bdc8826e3d3eef72714b26ef2fe5f5ce4fa53a46df1ed07f1ef4c3958ca7f0b7393de824837956c73f30c9f6a8df2ebcb73db8a7bfcc0aff0e319148c3cb5fc6b402197730ddc0ec686064e36f4f7a732633b89eb9fa52c8ccafb957391deb32923e91f21a48dbee8dc78f6a6a850c59b071c1e6a42711b7fb27a50aa080ca3a9c906baec48d84ed1bff8ba0cd01728dbf6ee3c8e38a902fda46e5f9769e453721d7d368e2980d8d8a5bee6effad3b015954a8cb0cf1eb5246824d3c7f1052714cdb8cb641c71d7a500342322a82d8e79f7a4f2b69ca93b739c53e65f36309d194d2b1f2971ed8a9d40851d9dbae477f4151b28126e0e73d02d4d3c7b5005fe23cd473332a2e76ed078fad500d3feb76fdd3dcf634f70c83777c607d2908df9661b78c669ac77028c7181c1a00487fd4b855ce7f3151799bbef2fcc3a9c74a915020257e5c8c6334d73e41652adf375c77a008ee1b11fcbb5b71e001d2a178ca1f9769c9c67d2a6665661b7829ebdea155f31989f97273415121955832956ced3827150c92199b83b70381eb5348e6243fef5203925947d47a505152e094561ff003d3a9f4aa6b6cd6e383bb3dbb8ab534e481f5c9f6a86e598beef97dbdea644c8ab70e11f953861c1acfb9906597ef28e41ab9752725578edcf6aa37631b9c64e060565d4932f507deac771fc3bd62dcbf98db415da3b56addfee91dbf8bd3d2b1aed76fcc36ab30e9433430f54758de4f99994741e95caf886ebf778638247a574ba9c9b59b70cf638ae3b5c9832be3a1ea0f6a45c4e33c50c0191b39e3007ad70be223e65bb6377ca3915d9f898b4923718e413f4ae1bc4b7388e4cb636fa51ca5c773cebc632f96e3fbde9f5ae275eb86dacb8cf1cd75de2eba59a52dedf9570bafdd797b88e428fd6b33a23b1cfdfcd80c37127af3dab1ef6662bbba73cf1d6ae5f49993fdaeade82b2ee6e4e303ee9ada25152ea2640cdf2fb5568dd426570cd8e73c0a6ddc98072cc0e3eef7acfbbbf674daa859718e95b19ab90eb1adc70b98e3669095f9b1f756be71f8a368de26f154884c9f3481508fe2e6bde35597c8591a46559367caa0579a456919f124925c28674048ff64d7451958e7ab1e6d0f34f8d579fd9d63fd9eadf2dbc6a0fd715e2395f3c960c54f2466bd63e37dc97134cc7fd73607bd794ccbb159bf8ba035f45818fb973e7f192f7ec6969c9236d689a39d71f74361855cd2666b7bbf3252a6793e554fee7a9ae721df036e46c7ae0d6be9fff0012e3f682db8e380dd6bab951c7af43a6f07cab2789f32ab3c69dcf6c57d95fb10c85354374195964420e41c915f0df8675261ad4272577b631fdeafbcbf62ed2993c3ab7417681c7ad7cce7da53b1f55c370e6ab767d11248b348fe52b371b82b1c5558d9a49542fcbc13fe7d2a12cc0b1dc7767a7a0a8752d623d0ac1a69be58e3e5589fbe6be2631be87e846f587886c7c3fb65bc93e5ce719c927f9d43e28fda121d20ac36302c8cc32ec5be51ed5e2bacf8cf51f18f88e56b1b76ba0bc22a7415d2787ff0064ff00889f13ad63b81a7c8a9db6636d57b18ef265c66761a2fed25aa4979e5892ce33bb2060ff003af5af007ed0035255864be8d674c6630c006f704d713e02ff00826c78caeeca39350bcb5b3ecaa412cb5dd787ff00e09c0b1337dbb559bed109057cbe0115cf3a70d91ba9c3a9ea1e14f8d7e4a332de32c80edf2b3dbfafe15dc7863e38de457acada7bdc618012097f9035e6fa07ecadfd95a7a06d55a66b55e085f99793d4d76ff0ebe04359db388f5892e260e0ed64c7e55cfece572a7ec5a3dcfe1878ce4f1569771717112c7fbed88b8c301807fad771613b35cc6bb474cee1d47b579ef85122f0d69490fcdb870d91d5bd45765a7dee5d64dc46dc03ef5d90d8f1ab455f43a6b4e236dac7838fa55a8e3dcc4a92ebc76eb59da6dcef122e7dcf15ab669ba28f6b607d3ad6c8e3992db2b21c7a1c938e82b41d9436e56e8339aaf6e3afe83d6964cc5b7e6c64f4c5688c1ea51f17789fec1672485994c69bb08393e95e21e35f885e2581a392386fae16524ada5a11e6c9d865ba2d7b3eb7a741acc4cb70bb97ae0719aa4b0dad9158e38955547a75f6ace5b9d941c62b63c2ae22f8a1e20d3fcb934cb7d32cf398eda098bca73fdf90f7a2d7e1778d2fac0c36fa6ae92a7e69998fda1e7f7ce7f4af7a1aec6bb9767e15a1a5eac06e68d2439ea3d6a7d8a968d9d1f5a6b58a3e5bf157c02f1a5adfa496b1eafa846cb9694148769ff733597a578cbc55f06af63fb6e83ac4d133e1e692e36841f4afb42cf5212c7b66c6eec31d2b2fc5fe12b3f13d9c892c2920618c30a27854be126198b93b4d1e7ff0f7e26d8fc49d085de9f344cf11db3c5bb2f19f435a1ab2adc59b7f79811cd79178e7c117df003c633f88b44d2e5bad366005e245267eef39c7d335ea1e18f1458f8f3c316faa69aecd6f73106c302190e3a1f7ac527b3349457c513f223fe0a1fa74369f1ab56f336ac8992bc751cd7cf1e04d45a2f1059e9b1af99f6c7cef65dddfb57d2fff00054dd0a6d2fe31ead347f3347133e71d719e2be41fd9a3c5f75e2bf8a1a309107ef2ec220039f4af7b07ae19b47818a76ae7ec77ec6765e67c32d1dd7e7937aa22fa63ff00d55f5469b1b4a22ba51ba64c8e6be63f803a4c9e00bc8f498a42aab024a81c7f136d27f99afa9b4687ca42115d7620c823a93534355a9e762be20bcb5f26e239883ba5e24c53e28bc990061bb3c0e7a54d7a249226fddf0bc839a46954e06ddad818c9adb63946985a2195fc73daa164dbfed7be3ad5b29b10fcdc9ea3d6a0946f001ddd3b0e94440ab290c7f0a33b8af3c2f18f5a9189d9f77be3ad35c6f1851fad12020915999b017ae467bd3251f757a9c726a69232cdb7ab7f2a250aa5b3d00c64520294912ab36dcee6e83d29863280e7f11eb5608558fe53b98f1f8540eac5368f9b68c938a4040e9918dbc2f39a8db695dc59771f53561572ed9350b5b2ccdd3eed1d40ae71139f97ff00d54d62be5f7c31ea6a69e5c2afc996e9f4a8fcb668ff00d9ee68020c1456231d78cd47cc871b8fe02a76898b01efc7d29b28f20edc75e9cf4a0084a32f18185e951b6e66f653926a56662a4faf1f5a89370121f4ed5520232db83282473ce45355488f1b8727b549b719e54719a6bb91b7f8b3ed520472e108527f11d4d319d7686c16da71cd4b21c2e4fdecd4733a93b720f19a0968808c1f97bf55a4f2da55ddf2a8f7a95b0adc1f99ba7150b46cefc3647b7ad574088d917cd66fe2dbdc77a42431db92bb7b8a7443747b72178fce9bbd87236a83eb5255ac7d2d2c3f27cddfa9ee29aebe547bbe6da062a4fe3f98e771e7143640f9b94ebd2bb0cc6a0ca63eeff5a1d7681b9ba8c703a5294dcbbb9db8c83ed4a39da1707bf3400240ca9e5ff0af7f5a84af97be46e99e063ad5803ccdcdb9828e314d64f34052a415ec7f8a80183680cfbbafad29cb47f28c1a6c91292dbb72afa50772ed6ee3b62a640370c10eefbd9eb48aad30f98655bf4a404b6e624e33d0d383329dbb76fa7353760232b6d3bbe65ed513465a7edb719c54ed2efedc2f06a360abf373f37e955cc033cb654e547d7d2a37c1728df5fa54ae197df3ef513e1620cca7e638e392685b81138dbbb6e011d38eb5131dc18328ddd4e076a90a92cf8ddcf41e955de4689f6ee5cf76c75aa2a237cb577e179c77350f98d97f98a7e1d6a576f3186372b639c77a8b7920fcbffd6fad05155d84a76f2bb97a91c557902e7e6e33c0e2ac093287ccc6eedcd55ba3b0aab7ddf5a8913229de1656663cee18c0acdbb6f2e0dbf30f5ad0b87fcd78c9ee2b36fdda466e9b2a3424cbd424dc1973d3a91deb1efe4c47f2e18b7735a5a8c81d595461875e6b0f52710a16e76f6e691a187ad48c1711a85eb9f5ae375e9396dcdd3a0f5aeab5bb8da32a72bfceb8dd72eb219860f6c0a469138bf105d15f31946d6cf3cf4ae0fc5371bf7333eee391d2baff00124e63df9f9589c9c735c078b6f3f74c00a4cda9c4f3df13dc6eb86da7823b0e95c56bd74256dbbbe51d7eb5d3f89aff0065c372178e462b8ad7af9406c01d73c1a83a52d0c6d4f7023e62dee6b1f509d9631dd9bb918c55dd46efcb9771276f4c66b1ee6fc4b279655b03bd74c3620a9248ccadbb7337b555bc69a641d238c7503ad4cf7db5feef38ee2b26f6f9d83066da7a1156819475b89a580aa0009382d9e95c6eada7791e64c480cc0818f4ee4d759a8dc7956bf3b6c5ce467f8ab89f88fe208f4af0edccd236d7914a46a3d6b5a777248cea24a3767ceff173556bed7e68e3e608df6ae4706b90be8fc9842672eb86e6ba9d4ec64d5b50f989fbdb989ae67c4b22aeab22a36ef2c6381d7d6beb30fa411f1f5aee6db33fef659b90bcf1527dabceda4bb60741519756842f4cf53de9d6712991973c76cd6e67b6a74fe0ad2a3b8b85666666620263b66bf46ff675d1d743f87f6aaa9b5668539cf39afcf7f8736e8fa9dbab6117cc519f7cd7e907c29b6fb0f836c632cbf2c6bf8f15f1fc4727a23ed38529df9a47552ceb1969240de5c6bc81deb86b8f0aea9f1a3c4221512dae9366f91b4f327b9aed6766b852ac07cc70474c56f783c43e1d7dabb76b00ac146057c9a972ea8fb7e5b9d57c0af83fa7f825ad77dbc7373dc72d5f5d7822582c6c21b7d90c7b972aabc63dabe65f04f884a5da4cf244b0c63e50ddb1de9df10bfe0a05e07f82129fed3d496e6f63eb05b91248bf8035872d4ab2f750ea28c57bcf43ebf8aeb036f971eeddc1c74aad7324973761954872324015f9f7a8ff00c16e5350bb75f0bf85ae2f6de33f3cd74e23551eb527853fe0b177bad5ec8ba84de1fd2d636c1cb6e60a7f1aeafa9d64afcace4f6949bb737e27d95e34bb9bc3e249151b6cdfeb003c567f847e325b83f79a2915b07776af1df08fed70bf1dfcbd3745d5b45bad62e54b25ac9f289579fbad5e67e3ef8db2f82fc49269fab4171a2ea30bf31b0fddc9cf66e845724a9d44ec77d3a716b467dd561e3eb3d49096b96dd21de983c015d8787fc691debc2be629477033ef5f9cfa0fed8c824448ee7e656da3271b457b5fc27fda61b56d4eda35916484104927bd4cb9e3b99cb0f7d8fbc344bdf3e3578fd7e7e6babd3d95e252bb70bd47a57937c38f1dc77f2dbfcdbbce014a7ae6bd73498176155e3be08eb5d14a573c7c4479772cc90feef70f9b9e00ed55e7c8dc8de9d7d2ae48db0e7e61ea31587e28d6934ab266e9c6466b4a92e531a51e6651d6f5a4b0915777cc3f95709f103e3ae87e03b069b53d42decf00fde35e3dfb547ed50df0c6c196ddbed5ac5e022d6dd0fea6bf3cff006a9f8fbe2b974afed8f155e4d1d8cee638e30767cde807735cb0a8e73e589ef53c0a843da4f447e835f7fc1507e18e8ba9adacbaac9348d904aa13d2ba8f873ff0504f02f8f67c58dec9b55f607da70c7d2bf0d757fda65b48d574fd3adbc336b35c5eca044d2c8cd3ca5ba0c7bd7bee83f0efe30e85e34f87be1cb8f0ecde056f895e64ba25e4a3cc8ee64519da7fba48ec6bd4fecdac9293386a63302e5cb7d4fdb8f08fc61d0fc6313ad9df4526cc6413ce6ba75d48ada6e8f6f3d79c57e34f8aff00697f899fb09ea834ef891a3dfd8aa9da9aadb2b496f71ee70383ed5f577ec43ff0538b1f8f31476e649efad5708d71e4952a4f4fc2b9e71a90df627eaf4ea6b4cfb7ef60fb4c7f32c678e846722b9cd3f4087439a58a01b5666ddb3b67dab42df5d5bb8d1a365659501520f41fcea4921ff4d858ee2dd4571ca49ea8cd271d19f953ff000580d3ff00e114f88ba9de4b0b4d6ed012caa3900f15f08feca7a7ae93fb41f86edfe758dae44caac3ef0dc0d7e9b7fc16074249fe205b452471b2ddc6a24575e31babc93e327ecbfe12f863e05f0178d74fb51a7ea926a2b0a2e7e6784af2c47a679aefc36395387277231181f6d6a973ef6f0ff875ae1acaf9638db74299e39c6077af5df0e44c91c925bcd318db19466cecaf3cf851347abf81f4dbc573e4dc08d61c7704015e8da646da46af242c0956e028fe2aeca7dd1f3b894efca6a3a6f80319246f51da98638e7b6dacdefc53a24cbbb46c76edfbac7a539216f2a31b53e61e95d272220b793cb982b8caf4069f32b3232e02fa9f5a6b46d3c4c18aa942381daa441e646cb96dddc9ed51b302bcb1f971afcab9f4150aa6ddbfec9c0ab4d1e07cd96f7e950c91f9aa368c739cd580c61b72cdcf3d2ab48accecc0eef45ed5698166f9bee8e9ef508f99dbf84fa50042c1a451bb009ec05452c6c620b1fca0f538ab0e9b57d1ba8f6a64b2b04f2d71f5a86ac05374d814377fd6a36550d92727b66ac49f3c430a491c026a178483d8eea40432c6587f131c67e951c70ef5f453e86a6766563f2b1ec79a153626dcfdda00ab2c43008e76f18a8dd73f7176b75353f97b64273f2b74fad460e376703b1f5a008106c520f3b4f4c547860bf2e72ddea6277306f5069bbb207dddbd0d581011f3f7e9d7b9a6be1b01b8dbd0fa54bbc86c6e5071d3151ecf30ed6e18f6a9900d75db8f973cd45247f37651f4ab2f204ff811c0e2abc89966573db23148063ab336d2ddb20d472c7804eefc077a932de500d9dbd09a841d89ceeebc6680db5199c8555e8bc9a8ddb7aed5ddf2f6a98aec4e3b8e69a53e5dcab8fe1ebd6803e954386fbbc6734e7c15e7a37614a0e01c8fbbc0f7a154aedfe1c1c715d8663633b636dc3e5e98a529b0faee3f90a50bbdd475561e94328321047e540080aa9dbde99190d2b756fc7a53d17729665dcdebe94b2461240db7e63de94806f0ff0030fbb9ef4d72c24233c629664f28ed1bbe6e78a245fdff00f172315003278be507e5fcbad459deacfd467915308b2147dee7939a8c8f2b850b86e7068016270e5b8c546cb92176e0f6c9a7031c8786c63ad230c0dd9cb29c0cf7a0064edb19769fbdc74a899413c36de71ed53bc6631f2fdeeb835149d14ff7bdba5388113c2c9b8f7c7def5aa5732edf94b67df1575867254ab6d1c93deab3c7ba2cedfa9ab2a2412379306ece41e01a86e1708a164f9bbd4d29c2e59768e84638aaf75190dd828e87d6828af328653f2fcdd8d55ba7c44a39f9bae6ac4bb8139eb8e31556ee4628bd0eefceb3908a37d21121dadb973b71eb5937d36c2c3fbbdbd2b43526554c0fbcdcf5e95877b778561b812bc13eb598ca3a83f9a1b0d8e3278ac1d467f2430dd9651deb4f53b829136dc2fa1ae7f57bbca333056247240e954b6030bc4173cf1d3d6b8bd7661e591ce5b241ae8b5fbdcc6c3761718cfa571be22bcdb1f1b8803e5f9aa4d63138ef11dd7970c87ef73ce6bcf3c637bbed9b6e7ea3ad75de24bcc171d031ce73919af38f166a6cc1be6c73daa6474c6364707e2dd50dbdd6de58ede335c96a4ef2ee7fba718c56ff008aee435f7ccdc6320e2b94d54b09377ef197f9d38a469d0cbbc915895e769ee2a9ca362373b17a03dead5f0042956d9c722b1f52919a3f9641ec739cd6bcd62544ab797922cecade5fcbd09ef59b323c8cd2c9f2a9e9b6ad4c236667b8fbd8e306b07c47e288ed2058436d90fdd502aa321d8cfd72f77de6dfbcbe87b5797fc50d57fb4247f3325213b42f635dadfea4915bbbc9237da0a700f45af3cd7e7592f124987991c67795fef91d2ba30b772b9862be1b1c76b7a6b69967b9bfe3e2e1723278406bccaeb32bcedf7998e2bd23c4d349752dc5e4ce76aa1213b01db15cb7c3bd1e2d63c6d676b3730dc317c01d700d7d251a9cb0b9f37528f35448e72eac26b58332290aa29b6a76b617ae4679eb5ec1e29f0bd9bdaea96690acccb19689b182845795e89a5f9d2091bb6739f5f4ada8e25548b0c460dd29599df7c39856defacc1dbfeb958e47e55fa31e0db7f2fc3162147cca899f6c8afcf2f08da0fb7dafcbb773a67e9915fa1be0ab9dda359b8e55a1427f015f21c433bc91f65c2f4f96324ce96d61924424a0393cfb552bef12c9a44eb6b22ae482db87715ade1b267b9dc1f71638da6acf8f3e14b6b71a5dc6a57ca1b9593f8bd41af96e657b48facd51e0ff00b50fed4b79e0af0a4ba5e93e6473489fbcb85ea80fa57cdbf0ebe15eb1f1a7c46b3d9b316bac7da2ea490b3026be8ff8a5f00ffe129d54d9dc295339dc01ee6bd03e0a7ecd9a7f856c51628aff004b9b8f31a13b9656f5c57b987c550c3d1bc7767858ac2d7c456f79fba8f9b7f699f8033fc38f1bf827c1f63713456baa5ac9733b86dad3b2901b3ed5f3bfc4b82db43f8c67c37047b6d60bb8d4303b8b027e604d7ea17ed31fb29df7ed05a568b7da2dff00d97c61e1524d8cd3aed5ba8cfde89bd8fad786eadff04fed6b585d2eea3f85daf49e26898b5ecc97919b699f3c3212738fa8af430b9a5371f799e4e332badcdeee87dcde16fd947e13f8aff6b0f81da0fc3f82e749bcd7bc1b78756863cabdabc5146f15d83eec48fc6b89fda82f63f00f8c6e3c0bf116dd26be858ae9baba4791709fc3bfd0f15ef5ff0004abf828dfb2c5feadf13be285fdd6b9f12359d31747d26c235f323d034f5391023740cc7049f6a97f6cab2b5fda1f4dbcdff0e6f3549a789d5659308616ec5581edd6bcac73a727cd167a394cf13097b3a9b1f955f1aed6e3e1e78a1ae2ddb6da3365543741ea2bd13e04fc6b96c2eacc4caed1e32486eb5e71f16be1e78a3c0666f0ef8aa1beb8493735adcce9b5edf9e1323ef01d2b33e1c4d3e9b6d143b8ac96ec07d71515210a94b43daa729c6b34f667ec57ec89f1417c4567612348ecd1b2824fa57dabe1cbd5bd8c33165dc06df522bf2f7fe09b5e2d9b52be5b791872155431e9cf26bf4f3c287cbb38d5997f748003eb5e4d1d24d19e654d27745fbeb8f22d59baeeee6bc67e3d78c6e2cbc3d23467f78adb10fab13815ebd7cfe6215cee0c091ed5e6fe32d096f744ba916dc5dcd6e4c90c4fd0b8e959e25b7b19e0528bbb3e2b3e039b59f8af7a9a937dbf56520dddd49cadaa3721507d38af19ff0082c2fc108746f875f0d75eb78597c3761ad1b5d5081ca798b84908f406be8df1df81bc55ab78ea4d5b4687fb0eeaf1447a812bbd272bd0807a7e15775cf87379f11be1cea1e0ff00194b1ebda4eae9b64b79a2c63dd5b1f291d8d560ea2a6eecf53318bab0b41e87e41fc4cfd8cbc6917c78d2fc41a7c76f71a6e9b240eb7314d856070ca7f2afd76fd9b6e97f6d67f8150d9eacbaa6a7f0975b49b58b59131fd9c891361964fe2ddc0c7a5703e0dff8257f832fb495d157c4de3a874f2f96b43a912a0761bb19c0edcf15f4f7ecd3fb28e95fb377846e745f01ccda22dcb86beb961e65d5e7bb39c927debdf8e69cd0e47d0f8fad9445cdcd3d4eb3f6d2b7f0678cade7b1d634eb6d59a627103c61d73d39af83fe08fec17e3af86ff156fb5cf873ac43a46977726e974cbb4f3a2009ce23feed7e8869bf0934ed3dda564fb6cd27df37397627d41357b4bf04d8f87e669618d2dc373c9c906bcaaf525395fa1ed60ea42943951cdfc2dd2b58d334881b5676b8bcd812566c00a475c01c5779147fbd46dc5b8a82285ae3ee9f948e702ac25a6e28a4f2b8e86b8d46cca9493d4f863fe0ab36b1ddfc41d3b728668e0dcc0f4e0e6bf3cb59fda5756f8e9e39b79af6f2692dfed46db4db6dc4476d042769207ab1ef5f6eff00c1683c68be1af11dd5c2dd476b345a7158cb1eec08cd7e66fc2358ef3c4f612c2bb92dc10801e4e48c9fc4926ba70d4938399d1526a318c51fbbdfb38deb6a7f083c1f32f188e3c8f602bd9eea05bd855d58acc8bbd08efed5f3b7ec95a9b6a7f043c22d1cde5c90aaacab8edfe4d7d2565b5218f72ee915f1d3b57ab4f547c862ff0088ee56d3ae99e62d22eddc36b0ab711cc0abd73f74d567b3fb34d330c9e776df51566de5428170b94c6003c8ad9dce223825db70ebb71b876ef4244d14a7fda1dfb9a5911d9b7aed500e338a54455dd96dcdefda8e5023957695edf5150c89e48dcdcf3562652de67f11c63a54371d3a7dde7a75a1f9015dd7cfb8da17df26a39d3ca1e8dea2a620ac9bbe5c1fd2a3917e5e14ad35702361b403ea71513479f98e377a9a9ca1909607951d3b66a374deb965fbbfa529015ee3706db9db8e73505c2e1b1cf3cafb55a76247f79bd71d6985415f9baf6e39a902a3c5b57ef7dee6a1b97f2c336debc55a74dec57d38191505cc3f2e385a6046c37803f8b1dbb5472c7b577375ec31534898503956e9cf7a6bc6658d7d07527ad202b4c9ba25dbfcaa2c13b8ede318ab53c788fa8f622a39617976e3851c1f7a00ab2444bfca17763ad366da89fd6a696258ddb07f9d3248ff0075818f5f5cd548088b71b9ba3542f12e4e09f9b9cd589137f5fe11f771c5421b86c6d56fa74a3a00c65fdd7aeda8a5c1e7d393ed53328f2f273bbd45472829d36edefef508ae5b913b2ae3d5875c5373b39eb9a98aa84656f9b6fb76a8080a3f882f6c5324fa5b7f972e194fcbfad3954aafcdd339193448ad2aedfbddd4fad351406e49f97b1aec3306fdd30ea40e98a795dc073b4919e3bd2c517991e781f4a1882572368c606680238e4dcffa63d6876db0e4f38e296588fcbb9b6fd052c4fbd71f7b6f623140ae8618d9a746f6a4cb6eddf8629eb8f2d7fdec1229b2feecf3d6a16e3100db8c303ebc5472a323b15dadb7907d29ea423f5cab7e94c327971950df331f4a1ee034aefda76af4e48a0fcb27cc71f5a5f31b0abb698cfe5e55836dec4d22920b92c074f957bd4250966619c639cd484acaadb5fef71cf6a8dc300b83f91e941257673b4055e0363350bb2c64c7b997b83d8d5890fef01f997db1d6aadeed720e5b3e98e0d68544858104c7228ce320d53bb76c2e40c0fd6af4d2ee6dcb9c6de959f764950bc30ed4994433bb3c9bb81db8aa37922ee3272596ae5ce6343b541da7711ea2b2eea420332aee56e4e4564f7256e51d526fbbc8dcdd4d61ea32f9c76f1b97b63ad5fd4648d5f77663c66b1af6ef12b6ec649ea0d494656a378c779ced65e083d2b9ad5ae3116eddb4938c03d6b6355b86685f3ce4f06b93d6af36dbb2fdedadc9c50572983e21bc6258fde2bd07a9ae27c41aa3346d9551c64d6e78935158bee16eb926b83f12eaeaf036d2db978c9ef433689caf8cf53d913619979cf15e69e2bd51de3936fcc0f1935d1f8bf5cdc246de7729e86bcf3c4baa31fbacbb719c5667544c4f1049bc2f4dd8c935857d71e6955638561c62b42f351558be6e0f7cf71591abdcc61576ed25bbfa55459a4a3a19f7e5213ce1b27039e9595752c2ac46e545cf19ab1a85cbdd3ed863dd229e588c0fceb92f156a335bb7969e5cd2a921cff0a66b4e64c3974337c77e348f41b8f2a13f689b1c841f76b95d1af1f53bf9af2e55d9f1845f4a8aeec8ea5732796f8e4ef908ceea66a1a8dbe8566b22ee52bc673fad6b18df444376dca3e26d660b349197749b47473d3d6b9392dfedda4bde5cb327da33e5ff00b207f8d49731b6bfaa35ddcbb2d8a9382bfc7525eab6a70ac6cbb61c823078541d07e35df462a07154973e871de37b55b0d2149b88d9ee39d8076ae4fc27ab37873c61a6dfb6d658ee0267b153c1fe75d6f8ebc8bed559211b638c05f986718f435e7baec8a6e4242cdb62384e38cd7b1462e50713c7ad2e49a67b678a3487d33c4cd22b6d5bd5254e380719af3987c20edaccccbbbc9f3492a07dd39aec3c1fe311f127c370e9f34c1756b341b17fbf81eb5a1e10d19755d527567f2e51cb823ef1ae08ca549347ad2a71ad6920d2ec12d26b55e376f5c1c57db1f0cee7cef0858a9cee485579efc57c81e298a3d222b78d6145d9203b8715f56fc1bbff00b6785b4f64dcccd12e73dc57819b49b8a6cfa2c922a32713d5bc196aed76b11ecdbb238afa03e1e78523d4e08d668d6412001949e00eb5e23e0b8b7df2160aa31ebd6bdcbc09e2348042aabb5d4824e7a815f2b565a9f4dc97574737fb447eca33eb30c7abf86c22df5980cd09070c3af6ae5fe1278d64b7bd9adb58d2ee34fb9b521199d7e52477191cd7d49e15d41a5919b77cb272ca46457451fc3cd275576b89238d5980fddb207427d69c6527148e7ba8b382f02c1a0f89add279156691c0001c035dcdb7827444786e16c640d1f2a5643c55eb0f86b676773bad6c74d5655392a9b719f6ad8b4d0a6b645530c31c638f94f35bc34396b49b7a115b411298fc9b710c6bc86619634cd5b5b9e0b7923f97cb553c1fe952cf72f02379717dd1dcf15c07c47f1bb69d6e5517e7208393d2b49d44918d3a526f43e2dff82844e9e21f14476b2049665972a703e515f2fc3a3476daa6d8d76ff0b8c756f5afa4ff0069cbeb5b6be9a676f3afa66e5c9c91f4af11d2f449350d4542ab6d99f258f5ce6af0f51b86a7a93a3aa47d6dff0004d8b56b8f19431c2aecaaa15885e01afd4ed1924b6d3e28f6e7e51938af8f3fe0993e02d3fc3be04b3b85801ba98b169367dec57d9d672e2564dbf2a8c839eb9ac69c7767066151b9a43a526444f9776d3c11546e224126e550cadd54d683068b763ef85c8f6aacebb57a37fb54e5138e2ce13c57a3c3e6afee9704e572bc29ac85f0a389fcc2b04b81c02bd2bd06fed3ed56c56445393e958d2e9b25a48a047df923d2a796c6fed1bd8a1a1d8fd8e607ec91f99c1c85ae9b4595fcd919605566ea48e9546dde4571e590bce055e81ae24dca581c7535a44cea45b2ecd2b2bfcecbf4c7150359fdb583b85da38fa55ad374e2547f130e47157a0b3d87040c3124d1ab31e651282d9c65576285f539c669ff0061dd3a71f779c55e36b95f994edec00a409e5b066c2803a54ca2c6a5767e1a7fc17fbe205dea9fb6441e19591a3b582d124700fdfcf3cfe55f3bfc04b7169af58b2aaed9898f38f99735ef1ff05cbd21a7ff0082826a571b7cc55b08571e9c1af15f8191ba7886d5976ee872e38f4aee85a347437d5d4d4fd87fd8a6e9adbe13585bb489234636a13f7bad7d4f688c61655e54e319eb9c735f30fecb3a42c1f02fc39aa476eb9996391d875e4f35f505a8ff004a5997fd4dc440f1d8fad7561fe13e6f1dfc4d092f248e658dfe48d9460926aacd6eb3b2c8a7f78bf7594ff3ab975a6c262ddb1586324f5a8ad611f6762515559700af1fa56ed1c2114cc91b6e0aca4f040e45410df20924dcac197daae5a20587cb593e6efc543296599a463c3718229728111ba553f2eee9cfcb514854056e646c71c6055e907c8403efd2a26e8bce36f5e2a80a483ce6dadf2f7e69ab000f97e7d055a9114fcdb86ef7a8a68b7c9f374a480ad8dabdbd7ad4722ef0dcf5193566651bfa75e82a1da15f3f75ba5302b33ac7f754d089e620f5cf19ed52b0c38f9b2c3b5440877e47cc2a640579e0c853ea720535a2da33b578f5a9e44cf2cdd7dfa53163571b7777e734acc0ab25be245c91efed4d663b9b8c28e9c558312b2ecdcd863cd56017e653fc3c0a40441012c727e8698ea4eddd855f6a9d82e72df7aa22bef9efc8ed40105d0507a673d3155ce7705dbf376ab52a796ff759b70fcaa192362df2a9eb9cd0046f13090377fad42ca6490a9c7e1523af947fda3d89a02fca57eeeeeb8a772a288490a36e2a19540c6719f4f5ab022c8ddff2cfb546d1a93f37defe1a4510b260ee2db78e8298d07eef6eedcd9c9ab2a987fe79a8b868f77cc39c67352ee07d22104537fba7ad0aff00bcfbbf78727d29c572cc3aaf43487f7614eeddb78aee39c467f28edcf0c29cd100f27539c6689115dd41c0f97bd128c0620365719f7a766026c67e47213a0a4627fbdefd2865062fbdb7b919a42be600376d3dc520094863f2e7ae4e293ef0dac4e7b54863206e56e9dbd6a1d8b32ed1f2b2f39a97a6c00a776415c95a8cb30756f5e338fba2a450adc8cab2f5268552c101fbbdcd260348ca8ddf3376ed9a8651b542ed03073f4a91958b3746f4a250d91bbd31c5234441710f0cd85e7a1f7a81d8425849fc47b558923f29bfbcadc62a19b6a1eb9f50474a0896e42fba13b97736ee0027a0aaaedba72acc5368f97eb53f20ee6ddd78a8a4557dccd8661c12bdab41c4a73cde5a36efbd9e0d53b90d1baf3f2f5e2ad5da3471e7ef29e831c8aa531cb67d579a991455bff2c066e876e0d645f4982194b0e3e623b5696a12655b031c75c5615d5c6df99a40c7bf1cfe359ecc9899da8cccb95e1f9e3dab9fbebb60ce4aa9507a639ad2d566553b95b6ff005ae7b53bd995770dac3ae454a2d19baddcf1bb72aab76f7ae3358d47696e71f37ad6e6bf7e6446fef673835c2788f56305bb6d65f98e08cf4a972368eba187e2abe90248c5b3bb8c5799f8aaf8c713296f973d8d6ff8b35bda9260b0dbd48ef5e63e26f1116570cddcd1cc745387439ff13ea8d3bb741db9ec2b8fd6a56fb42a82adc6738ad3d6efc48f236e1f374fad73b79aab2484baee5c64e2a533a631b3b14af5156169598afa8ac8b887eda8ec5be45e41f4abba9dddbac1bb732b7539ed5cfdeeb08b6d300df285dd80396a0d231bee63f8bb586316d498c6a0f2738cd709a9c93ea72886ddbf744fcef5a9793de78b2e194a7936b19e01ead53c16f0e85192cd19723e45eb8aa412ec62dd6990e936ac6490a8edce2bce3c5570dab6a5e5eedd131c707b56cfc4cf1cc6976d0ef0db463e5e86b8cb6be6b3b56b89997f799d8abd4d7a187a6f7679b88aa93e545fba961b59a1b38fe65e3f760d685f85b0b0f2a26557b9605b8e00aabe1fd39a31e7c9096bab8f9fd4c4bdb353eb43ec97320c158618f3b8f396aeae6be862b4d4e43c6f656496933b4cabb8e0843d6bcb65851267dbc2eff973dc5749e31d4184b2eee8dc8c5724419077dc4f535ee61a368dd9e0e2aa7348b7a5eb73786b578b50b590a5c5ab06031c37b1af6eb3d5619755d375cb761e4ea9183201d3763915e11238765cf1b860d76bf083c51e5f99a1dd4988666f36d98f3b1c76ac31b439a3cc8ebcb713cb2f672d8f4af88efe6c96e09f9dce57dc57d31fb35ea126a1e19b18d998aa285c67a57cafe299e4d43ecf728d11366c0b293f31afa1bf64ef14c7aac8b0ab2ed6fe1cf2a6be5b328de89f6795cad5addcfabf43096cb18e5571d8d773e1cba55b8897eef1d79e6bcf74eb677b3da8c236e0e735d5687a86e78d9e4f9141049f6af8f96acfb28c343df3e1d78836d8ac5e70f33781c9cf15eb3e1a92358b6ab6e18c9c9ef5f32f8035df3f5988c6bb914e4e3b57bd781753fed6dd91b7cb1c8ce3f9d10d19cd88a28eff004fb6548559be6dc467dc56a7f672dc2e41655c656a9e8372af022bed0cb8da0f7ad096ee485f6aedf97d7b035af31c12898be23b648ed5e3555f336153effe735f3ffc68d70e876371f37cca879233b73c57d09afc424b491a5f9463875ea6be57fdaafc430e9d15e2b637f95c37407ffaf5139367461e9dd9f21fc4b69b5bd6e569a4f31998b640edcd43e1bf0f7d9da07c02c3a291dfad58d33558fc4faac8ac519e0cef3ebcf15d868169e5dfda47b553711f31e86b5bb51b1e869b9f707ec1d7674bf04d8c0e5970c4a90719cd7d6fa64ef77089c22f98d8071d057cd5fb1ef86a487c2762ccabf20e1d860257d336d72b0234698da9800e301b3574763c1c76b50bfbd1e0dadd7a71dea1366c36edcafa54290c715c34db8e590295cf1f855db59541058ee3d78adb7d0e2968406c3cf8db76eeb8c66a95c697b55b6ee90a838da7f4ad992e1602729f2f6a84dc7ce3fe79b0e71d73472226351a3162d258c44a2e5b390b8e957ec74aca6e68ca963835af63696e032aff00ae63919357adad7ca8c67e660dc83571a6454aef628c1a718d576fcd9e38e29c6016fbb03b722b50c3b0e5703b91eb55e78f287df93ed572a76d4e7552e67b2b6d53bb83f8d12c5e6c2a085dac7a9152ec68947cc477e69ae8e42eef941ce056323a232d51f83dff0005b2d4cea7fb77eb3180bb6da38a3c8ff773fd6bcb7e0a68ebe7db851fbcf298e6bd03fe0ac332ebbff0505f160775516af1c65477f97ad73ff0bf466b2bfb79179dc87080f38a6e76858f6214d3d4fd77fd9320697f67bf0bfc89e4359ac79c719af71f0648d71670c72332b5be6138f6f5af0bfd863515f14fecaba4db6d68a6b5042b63e6054d7b3783f50d9a9c8573b665dcc09e3757a345d91f1f8af8d9b5749b0cebf3051c039eb525b58b5959af1b97bb11522d99369ba4663e61e05590a4c4ab9fae4d751c25236a08015be6ebc50c3cd5c30f98f1cd5a3166dc1655e0f6aab344b12fbbf4c75140f95911e01566c95e98a429261ba066e9c5491aa872dcedc6381de9258f8ef96ec0e681159d55539193f4a461b8657d3826a77385db8cb7d2a391372fbfb5005693873fc4dd338efe950cd0191d47ddef91daacc9823838e73f8d318b4dfec8ee4d4c80a92a7cdf290c3be29acb86ff0063b5586530abfcbf2fad465331ee209e38cf7a237029e14b6d6fa838a52be5e36f738e9d2ac3a728028e9d7d29a51839f9783d0e6a80af20c671b471d8557963664e57907d3ad5a2a53014803d7d6a0b9e0282d9da6b302148498bcc6fbcc703daa3963da7dc9a9a64dc0373ea47615038d87fd9233f4a008a58f775aad26e8a2dbb9be63d6a7691b70f9be63d2a3930b26ef999bf4a068aed1e2257e0b138391cd24a9b82e0e02f27153491ef1b9bd78c76a880dd91b87cbdcd0590c8a5a0dabd3d2a2d9b473c9fe5534accdf77f3cd472707e604e78fc6a5dc063ae4f7a6aaf9cbed9e99a7956fa7f4a591195777cadce3ad203e8e4cc6db7ae791f4a73c5e675e1719cd342b16e3d3b53b6ed75192d1f426bd2ea7389e4b2c9d32a477ed4c076c0579f97a73d6a661bdf6fcc57b7b54657014e7be7e94c08c6d32fcdf7fd29cdc4a091dfa52cdb54fdddc5b9ce293fd4c7f7bef1e33dab300b9e2750bcd363f9598745029ce762827e63eb492fcaa3fbcdd6a640301625b23e9400a8dc7f175a7751d73ed55f7b473ed5c0c8e98a3a00aebc315c86f4a40ccb1ae3bf3f4352b29116de9ef9a89c10b8cf38ea475a9187ca39aab23eec7cca5bf881a982ec80aab7cdd7a54172ead32823e6f551d68096e579537c8c781b0715525daf0ee65657cff000f7ab532fcd2295e1f8f4354e497eec67761782735a0e245729e5dbeedc7dab3256007cc3e53d0fa55fba66438565c75e7bd65dccea7d579ee78a891452bd9046c7ef74fceb06e6728aecc386e9c56a6a8de5b755e9d37573ba8c8126dccdc76c1e959b032f5599a4076fcbcf02b98d6a7f24705979ad8d625c02776f4c640cf22b90d7b5311165dcdec0d234844e77c47a9b2292cdf749cd79e78a351dd148ca576f273eb5d278bb58c6ff56f4ea2bccfc49a984864656ddeaa7a54b923a29c75b9cb78d75bdffc6def8af3dd72ebcc0cdb9be6f5ae93c477ccf2c9b70b9e48ae4754bbe0b48a79fe1f5ac6523ae9c4e775798199b767a62b0f53beb6b4425db8c6703a9ab1e2895b5294ac7b955463716c05ae5b53b23a69cc8de63374e6a6336ce9f6696a656a93deeb37ad364c363c8c74635966d5aeaf0aa99046a30493f7ab70db29daeccffee83fceaadf3a2c9854c719f5ad2e5592464df5a88d5a2446cfb571fe3ff1047e1df0fcc88cbf686e327aad6a78cbc5b1e890ee66396e8aa7e635e3be2bd5e6f10dd3cd75e62c28d85403ef8aeca346ed3670e22b59591872b7db2f2499999a3dd906ad68a8d7bab2bdc0dc23388d31c7b51b55e76926842ec5f922cf02bd0fe0e7c339eeb4e9b5aba86358e352e8adc0fa9fa57a52a918c4f369c2539123da35869815e302798e66c7f0fb5715e22976453b33fee89e99ea2bb2f105e89b7797e591caae06777a9ae17c71fe87a6805984d31c018ed534b591559da2795f8be64fdea8fbc4f19f4ae789d8f86fbb8ad5f13e06a0db896c1ac9693cc665c7cbef5f4b455a27ccd496ac6cdb5102ff0010e94417b2585c43709feb2170c36fb531b730f9b3cf5c51b0a48067e66e3f0ab924d5999c66d3b9eebe1e9f4ff18dbdade798a636509260f46f435ea1fb3540be18f88c6de3995a3b8219706be57f86dae49a4f8856d598fd9af3e42b9e3776afa73c0fe03d53c05a8784f5f69ade6b1d519b088773c38fef0cf15f279a51f671717d4fb6c9ebfb4e592dd1f71687739b18f77cbb7a1f5adcb17f28c6fb6365cf39e724d713e15d7cde7873cc857ce6500ecc60915d969126195b6e0900ed23eef4af84a8ad2b1fa3d395d23bff0002ddc314aad315463c2a62bdf7c0770b756109f98e5325735f34f86d76de34d8f31873966e83be2bde3e16eabfda502bb6e8e77e1467a63fc8ac65b8ea46e8f64d12f59a088162dc8e9ce2b69dbcc9be65f97b5733a06e587e6eaa72d8eadf4ae8d2e0aa060a5b8ff39ab89e6d48d9995e2bd523b0d2e4690aa2852df4c57e797edb1f14da6d53508ade6668f69f947ad7db1fb4778d2d7c3fe11ba1248b1c97085500eb9afccbf8fe975e22bdba6cf9dbb8cae41001f5aa859ccebc2d36e3730be196973e97a769b78e65335f386907a8cf5af6ef06e9d71a86b50b37fc7b8987cbdc13d2b3fc3be08567d38f96ad0985367cb900633d6bd03c21e1f5b6d5a15d99b8dc0020f419f4aba951366fcb647dd1fb2ed8cd6de04b37b8fdcab61caff1607038af6a599624f94076917e5cf4cd796fc008dd7c216ed327ccb1a804f3c62bd42c74b33ac79663dc0ed5ad3db43e7f11acaecb10b4b2bf31ee8fa671deaf3a48d12797c6d619f7abd0686ab66bb988661ff7c9a0daac1b02fcecb9cd6d1a7d4f3e551321788dd4451d8364d71baaf88e4f0aeb7e45d0658661fba6238cfa66bd06dacd62899b6f2a73d3bd63f8f3c1f178a7c3d2c172b8cf2a47553eb4ab41dae830f5a3cfcb22a787f5b6f39a4dd1c88cb94e72735d3e93a88bb4ddcf2391e95e19a15edf782b576d2f5162d13730ca381b7dcfad7a2786b5f64f2f6c9f2e300ff7ab2a1887b33ab15825f144ef4bab479fef702a0b80bb0123e6c631eb51d95eb4f1f1b463dfad39e5520ff17a67a8aef72ba3c95169ea54b9870bb8e393c1f4a612c8b83f332f3561a3119f9b183cf3556e53640cc39c649c718ae69ad19b4759247e00ff00c14ce556ff008283f8ecafcc3ed480b7a60543f07594dd46c7a263e623d4ff008d51fdbb7578fc49fb6d7c46bb4c32c3aab445b3e800ab5f07a65b9b791918968402573c11d8d2a8bdd4cf7a8cb747ea47fc13a357b93e13fec9bc22368d9c90a7a83d3f9d7d0fa4d8c7be4863f966b57db93d79e6be42fd8b7c729e16d5741f321916cb548d775c31e1988fbbf5e2bebbbfb036be296bab76dc92c41f6e787c75c7bd7a342578a3e4b19071a8ee7576db5e38f6b3191782be95340caf23f4eb8e6a18130b1dd64c4f32743daa6b187cf8999c6d65fcebad6c79d76232f9a492a78fcaab5f2870aa3ee2fdf23b55a9a368436d9098db8c37f1555743e56d65f2cb1c81eb4c3d46c499b6e98663fe4d32488a0cfe6477ab922ed4dbd38e055790165e0657eb404881f064dbfc3eb519c11f2f6ea2ac2c791f29f97dea1f2ce4aa95f7a092168b8c81514ac368073d7048a9dc0c6d2cdc7514d9222df954b405764327fbbfcea38ff765777dd3c62acb45b187249fa7151aa01fece0f14b6020555766f4eb9a8a64ca86193ed53c8831c8ce38e0d46e8de4a9e171ea7a51ea05599b118e33ed51cb1aa8e172dd706a678cee0df783523c601dfde8b0149d1653f337e1555972d83f77b5683c09b78ce4f4aa72ab6fdbefd4d202bb0f973fc5daa3f2b61dd9f92ac4b0e18fcd8eff008546e0151ffa0e2802178769da0e3bd47b7ca2fc039a9a45decadce7a0f6a8e58b0b83cd057310146572bc7bfb546ec24dacdc0ce01a958664e76e08ea2a3f2b7023dfa50511b3ab8dbd57b5325508aad96c74c54b858d4f19dbdbd0d466dcce3e661b7b5007d200920b2ff0fea2866c47cfcbce70295dbe5f9783ebd852b1f2d873ec3debd039c55db82aadcf53486321bae7b75a74aa78c103f0e94d21b195da571ba8010670c597a8e3daa254dc4b67851900f7a9232e926dfe1c75f5a6c85a33bb1bb3fa54c803779876f1bbb8a40ad1b6ee1b1d3dea49adf2ab22b61b38f7a66d5d83a8c73cd481198409599b2bbb914c9b7290ca0f4ef52b64856ceee78e3a5077156ddd49ed4a5b010c6fb93fdbe847ad460feef772ccc7a7a54c4ed65dbf2b679e29264c9ce71ea477a802175f313767e66181ef5527936cedb4ae131d2ae67746dd4053c67b5539e3cb82181dc790450548ad29695b7619829e9dcd5477d8c70bdf233daad4a19372e0f3d08355b7e0b2eddcdd0927ad6811295d9552cc3f88631e958b78ab2ca32d9c76ad9bc6c0e3e56cfe75897df33b91deb19328c7d4e5f2b3d3838e7ad739a9488373641e3a7a56ceb2eab6fd98e7f1ae5f5597cb2495603f88d497cbd8c3d66e0245bb3ed8ae27c41a86e666dca147635d0789350da1bd1bbd703e20d44989d7ef7e159c99ad35a58e5fc55a881e60c8dab9e41eb5e73e229fed31b60f1f5eb5d87884efddfc209ef5c76bc116d8eecfcbdc54c8eaa7138ad74b01b57a75c9f4ae535bb85dea7f8578c8ae87c517a90ee27ab0ae235ab8c95c0651ea6b19475b9d54d6862f8a6e9778f2c05eff005fad735776cd7120663eff004adbd69f7315cafcc39ac1bf996d57ef65b1d8d54228e8e96296a97f15926e66566e839ae53c49e2f4b0b29e693e545191b4f5a8fc73e3387c3f1348d89665fbaa2bcbb52d5753f8857736d0cbc8f2d00c63ea2bba8d34d5d9c756adb4462f893c5e7c4ba8b5c461a4463ca83f32525a69d731017922b2c2062353dbdcd767a178021d1adfccba489a67e580f5ab1a0f832fbe22789e3b2b15db08e18e3e541debaa55a314717b194a5ea63780fe0b6a5f14b5485a1de9631b869676185eb5ebff0012ad21b5f0749a4586e10c6151a4518f9475aecdb46d3be1578321b569bc85553945ff0059337d2bcc3e23f88e6d4ac5a3f2dadfcd4df81d42fa1f735e77b795699e8cb0f1a30f3679cdec125ff88d2ced645587685673d3f0ae47c7373fdab7d713236eb7b77f2636c7dfc704fe75de43e4e91e1ababcff0097ad4094811b82074e05727a978782dc47671a3186de3dd2b7f79fa9cd7b18792523c3c42763c73c470ecbc6e147bd73cfb9b2b8efd7d6baaf199c6a3346bf741e302b95922fde614b70718afa7a4ef13e6aa7c4366fdefcdd97d29ac70777f174fa52b7faddabf2aff3a0fccb8da735a322f6114bc516e56f9c30607fba41cd7be7c20fda2343b986c6c7545bcb3d49996246037c523138183dabc1086853e65c6ee6a333b59ca93ab7cf0bac8a47620e6b871b848d786bb9e8e5b8ea986a9eeea9b3f597e136a8d6fa4451c9feb1901c8ee339eb5e9d632f9eeb267955e4aff2af9bff00661f8931f8e3e1ee93a845212b22f9521cfdd61c1fe95f43e8321102ecf9d9931d7af4e6bf2dc752f6755c4fd97035554a319aea769e1749249157e5c380c39e457b27c2fb59238e366ef920af3d6bc53c35f24d0a966c107701d87d6be80f0142d6b6e0ac5e5c6c015c3642e7d7f5af3a7b9db392b1eade1bf9b4f8c2bfdd00938e4d6c5c5cbac0c15776debc56269d1c85edcacd882353e6205fbe4f7cd6ade80d6ec91928dc904d2be879f525791f34fed29772eafaf7cc5b6203b413d6be5bf1d594692bab85916427b57d57fb4ba43631338ff5fc83cd7cc9a8f862e2ecee9182aa9dc39cd5527adcf428fc3628f83fe387fc223a1c3a6dde94f7d1dbb9d92a3e1c2e7debd33e1f7c45d13c5dae41756d24d6d28fbd04e9b581fad799e9ff000ce6d6aff09bbf79d0e32457adfc2bfd9b2eafefada405a3d84738fbd5751f614a48fb5ff663f1f5beade175b6f3144d10dbb58f4af61d2f518da689a4b95c291c0ef5e0ff0003fe01cfe18c4f2dd48180fb80f15eb30f87ec50c6d34419d391973d47b574529348f131118c9e87a859c9f6e8bf72c597b927bd5a874ffde29deadb7d05733e11d7cb5e470ac4ab1b2f0ca7bfd2bac5b84843166dad8f4aef83ba3c0ad1719585986646f43dbd2a3ba46b88bcbebc76a58af23ba8d7690eadc86c53b6ac72617e67eded4fc8cb9ac70fe3af097dbe3db22aeecf191fd6b9dd2a39b40bbf21f6b46083927a76af4fbb955a2db347bb9eb5cd789f468e4b499a35fdeaa9651f4e6b86a524bde47ad85c4c9ae5917346d5d62b6c1c9de78c0ce2b704e246fe1dc06723bf15c0f866fe436d1c8bbb120c8e7f4aed3492c635f56e49ade8c9b5666189a694ae8b4d13341c8f9bd0d65f88efa3d3f4c9a42db561899ce3a0c026b52ec93b4aede9cfbd798fed53e344f871fb3ff8bb5876f2d6cf4d9dc13ea5081553d3433c3abcd1fcfe7c68d5ff00e128fda27c6daa463ccb7bed6ae242d9f4723fa56f7c1bd57ec5aacd1af267f9783c5731f0f6ce4d4e686fa45f35af24679b7741bc93cfe75d4f8334a9346f887243f77c96da31d1bb8fd2aaa7c363d6a69a95cfb8bf670f133eabf0e6cec6de40750d2e412c48c48dfb4e481f519afd03f08ead6de2dd1741d4924f2d5edf0ca7b1231fcebf30ff00676f1841a2ebf677524ceb86c496e47cb30afbe3e02eb0df6686dfed8b73a7dd66f2d78c940792a3e8d9aac1d6d2c78b9a517cdcc7ba697135d69a22dcaeb11e49ab33486293cc45f95be5c77359f631cd653b159d5bed4bf246dd1be957e2b65b0711ec50090c771c9af5a3aec7cfc89237f36e37cdb5557a0355ee50497466565658fdeadac3e5cd82b1918a8dad5622d18da379c9c76a7cac9dc49ca97560064f6aacd1ec71d076abaeb81c755e3355d8282c0b719cf4a468559a03bdbfba393ef51c6307730dbfddf7ab0c81948fe11ce69ac3116e3c2f403d28264566dd9f52dd38a63a14ff00f5d4c1492095fa1a8c8546c6ddd41243292cbc7e3ed51a8dbbbf8b9fcaa664671fddfa77a8ff00d59eec0f534ac042554276e4fe550cef90ca3e6f6ab12a83b4718f5151c89f3e3f8293405691791e98ce454121691531eb569a3dc7e5e9ed4d21bfd9a40539d962519f5c9e2a1b86f38eddb8c739c55891144cdbbafa5433167ff671c629c80a6e55bbfcde83b5465b29f29f954f5353dced56c81ed9c74a895472a71b4f3c77a9b010b1dc0fcbf29ef4c65cff001718ab39c606368a81d57cce1b273d3d6a750455da303fbdf7ba5358fafcbe99ef5384c4a4edc1c73514ade632fb8e9546844dc0078f9b8269923b29c051f4069ec36a6dfe1c669b28de8bb4fcc6803e8dc6e5dbd87bd232f9bb4b6473f950c377f77d179a7619cff7b91f8577d8e72448f7c6c792b8e3d6a218d8abbb1eb9ed4af2794cbfc2ccbcfb5119e17e50533839a603648b2cbb9b03a0f7a4c1ddbb39da70714e68ca80b90bcf19a638002f3b59b1cf6353201cfcee1c96ceeeb42b6c2dcf38ef4d65db23679e3a8a0fde6dc3ee8e7dea40606ddd77282781486564942e71c7048a7cbba2456dbb813c7b5248c19377ccc31ce4500327f9f6e72581ed4dcfee76afddcf7a78e406fcc7a5318abfde3f30e6b3020258eee32548e955ef06e936af403903b55a775c332e71d2abba32beddbf375e3b8a0b7b14e672140c3281fad539610bb46efbc327daaf5d06dd93f2edf7acf72c79c6e39c8f7157d022509ca31c316f9475c5635eb309be575e99c62b4ef6e04a7aedf61583aa6e45eb92a39c9ac6433075f9959cb7ddc1e95c96b975e6193e7fc2b7bc4136e1b999b6e701877ae3b5ab950edf799bbd23589cd7892f030555e71e95c3ead2128c7eeed3d0d755ae3862dbbb1eb5c6eb92e3ccecadd3dab396a6b0dce4fc4171bc316e839c8ae13c41ab45b36b16c31fc4574fe28bf19dabfc3c1e6bce7c433998b723ef741d6b3948eba7e6733e2cbaf3aef2b855edbbad71facdf33b30dc0f07a5745adb1f39b7f4c704d7217d3b23300477a98c5b374655fce24dbd08cf3cf4ae73c59a947656d24cdd147393d2b5f509d61f31d98796a37123b5798eb4d75e38f15fd96390a58c6374b8ee2b68c6da8dcac732be1dbef893ae34bbbecd630b1cc87f8fe95d269be1787c356a63b7fde373be427e66fa5740f6b1da58ac316238635daa3a5723e28f13496974b63a7aac9752637363e58c57473368cbd9a4efd48c5ab6b9aa0b1877cb2ff12af38af64f831e1083e1ee9d26e1bae2401a527b7a28f7ac3f00f8153c17a0addc817edda861cbf719aec2c24fecad15aeae09d99dcf9e370f6f7af2f1788727cb13d2c2e1b917348c1f13d91f1c6b3717b75fbab7b5e3fd91fec8f535e57e2cf375df183a2868d55446918e58fa66ba8f8bbf146eada0f399bcbc822ded906368f56f526b3fe16e9edaa25dea5767734299dec3ac8dfe02ba282e48dd98e23df9f2a32757f0459c7a7aead73218ecf4353142a7fe5ac98e7f535cbea7a0cf63e139af2e079335de5f0c31f2d777168ade2cf1246b7732ae89a510e6253febe43c9cfe9507c4ed35b5a5f24616397e62a5bee28aeca35ad257386be1b9a3747c9bafe9cdfe9131e55892b9eb5ccbdbb20cb30dcd9ddf4af58f16785966d6a48d5731a8c9c0f940af3dd72d96f2ea6921f96353e547f41d4d7d8612b29c6c7c5e2a8b84ddce6bfd50e7a76a2607e53f773e9cd5d9acfc9618e7daa1861135f0e723a9aec39486e1d95bd38c0cd44eb88b6ff7bd6a6bb84cd75b571cfe94c655de17fbbea2a5c74d43ccfab3fe09cde3769fc21a8689236d934c9fed2abd4946e0f1f857dd9e10d43cdb28b66572bcb1ef5f967fb2378f8f813e3a699fbcdb6fa91fb2cb9e993f773f8d7e9efc3ed403580575fa73d6bf37e22c2fb3af75d4fd6b85316aae1397aa3d1bc23279d7b129276921483d08afa87c1da327fc2336ea0320de3f12057cabe19ba027f3155b7a10c17d457d69f0c3598f5df0a58ac7f2cfb43481bf5af97958fa4ad7e53d334dd05ae2c6d9d46d2546f3ea2b0fe24ea47c19a45d5d4bbcc76f1966e3a8033c57a278336cb6a2164dc9e50c902b9ff1bd8dbebb6da8695791068190aab679e474a3a1e7c65efd99f993f19ffe0a33e07f16ebd35bdccd7766d0c8d1b1780e0907d6b0a0f8e3e11f13c71cb63e20b3923900c0df822a97ed61fb2e69a9e3ed574f5822b3912425240bf7d4f4cd7c7fe2ef869e20f8051de2df69771a969ad219a0bab650db17dc7b57a586c3d0ad1ba7667a9888d4a094e316e2faa3f433e1d78dfc3f0ea70b36a2b1b28e18fdd6afa3be1e7c5af0ae9c6d596fa59994e4845c83f4af817e1a5c68be29f00f87675ba55babb6882a83990291ce7dabea2d2ff675ba4f0bdadf69f7122666447656f97692066b86b539d3763b232c1ce0a551b47da9e1afda5fc33791aafda2483dda3f6adab3f1be87e21bb5686ffcc66e802919fcebc33e1c7fc13fd7c492c2d2ebdaa42f210cde5c9d6bbdf0bfec777ba7f8c2f34d1e24d41aded4009d9bf3a50ab57b1e7d4fecb4f4a8ee7ade87f1134df0e48bc2acabc1dce2ba18be3a695240cd7571670ae3bca33fceb91b7fd90b44b1d21a7ba9b50ba997192f31f989aed344fd98fc27e1fd19a41a5dbf98a9b8b4877e0e3debd1a7edbb1e0e231196eeaeccd83e3e58c71aad869f7f791336c468612cadf435e79fb44ffc145bc37fb315a5bbf8934ad5e392ed82c51c70ee6627a57a17c5af8c3e16fd9d7e1ac1aa6b5796da7e9d6f8f9d570a5bb0007a9e2bf3bbf681bbd5bf6e4f8ab6da91b692db4359045a6c0ca77c9eb237b7a573e231328697d4ecc9f2ca78c9ddc2d0eaee7d39f007fe0a8ba37ed5be339b47d17c3bae69b35a8dde65ec3b124c75c11c57d011eb325eaa8994236c39c7d2bce7f65bfd9574bf837e0bb316f6d1fdab60dd215f98faf35e99aae9ab15d22a1c48c32df414537524b9a6658efaad3ace9e1af65dcabe07d3648fc3b6eae83cc19239f526badd33296bb7e5f2fb9ee0d55d1acd620bc8385e00ed5aab02c31950bf78e71e95d94a3a1e3622b5f4239e2f3cae4ed51c715f24ff00c160be22c5e15fd93b5ad2cceb14dacc6d6f1fab715f5c31f291b27bf7ed5f953ff0595f8d11f8f7c7579e1db6916683c3f6ff00bc01bfe5a391fd07eb51565d0db031bcee7c33f0d34756f0a3d9fef5559422b85e49038aea3c43a7af87bc69a3dcac6c61beb442ccc08fde29c1fd29ff000565f2f95daab19126186715ec7e23f87ebf107e04c97d242aba9f86aebce6d83fd642e7823e9594ab59d8f639558c6f87fa92e9fe27fb3c7b64915b7aee38e7af35f70fecbfe38b3f2b45b6f35d4a3b200c781bb92bf81af83edef1b4ad9a92c71958f6c6e49e5870335f487c09f18c3a569d0ab2f9323117304a5b9561d40fc2b9e8d46a6619850528799fa2da4ddf942c7ce0648ed64088e07af1cd74da840ad32b1e7e60a39eb5c47c34d723d7be1bd9df46db96548ddfd71915dbde22a242ccbcff0077d4d7d553dae7c3548da5623d414ac91ec3bf9e8052aaa92ccdf7f8c8f4ab722ec21b007ca702a3dca76b631b8761d6b4332ac9c16fbc56a17c1ddf7896fd2ad32891be65daa4f407a5445090df7b19e38eb40eeca9244485f426a365050eee5b39e2ad156e38c0cf7a8675d8005f99bb62a794457656fbbfae3a5450ae3dd9bad5b3f3479fe2c76aaf21da3f88e46338a90203b998f3f5e3a5336f963d79c9cd4d94071c9dd4cb83b870b40159e261dc6073f4a63066054fcb9ef53b26c421549e29aea7c8edfd690155b7286c7d39a8e450177720f5fad599e3cc7827e53c8f7a82e398d57d3f4a9d00a72c7bcab37f176a8658b098e7e5e73573cbfe1fe1038355d36ee61b795e3ad390156e622d1e76fcbd866a29398f81cad5b9e32cdcf27b0aaf1c2cf2b678c0e95234579179cf55a8da352dc3739cd4b29dff00773d71d2992478248c7bd036ba908c8ddc16feb5098c82b9f4c81561fe54dc4fdd3dbb5452950dd33b802334045959f72f5539ce4d20dc8fc65863a7a54adb959bf89b1ce29aa5b7e7236eda0a3e875da5b83c67834e0002dcf42326858c48320fcdd6954158b69dbf3fb57a0738813cc9096fbb8c53106f5c7f70f4a9445b23385f6eb4c09b46ff00babdc500388c33337e63b54623db2727be4035244a2763f960d47b768665fbabc1f7a99008aec913e7e6dc7d29825c719f4c1a97e68e3fbdb958f3ed4dda186e5f9bae57d3e952031f27e62d95f40680ea07fb3420dd202abd4734d55e33b578a00176a92cadefd3ad31d491b8afd08a7b0debb97014f06aadd6a1e4c988d779e9feed6601247e5a9f427f2aaf2b8339f989e3f86967f3a555dcddf38151ed5dcccbb578c1140eec86f9547ccdbb3d867ad66dc1ff007976f7078157e4959c10bf2af506b3ef1c80cb8e33dfbd53d8a8e863eac72db97e55f5f5ae7f51937336e627d4d6e6a39441b57afe95cbea92b4726e1fc558c8b8f7307c4126ef957e6ee07a5715accfb99f2c03b1e4575fabee998b0ec3a93d2b89d767f215b763d7a56773682395f105c05425871fd6b80f11ea38495437dde735d6f892f76a9e7927939e95e7be27d4d5f72f1f37b51d0da9c75d0e475abfc331c75e339ae335587cb0cd9e7935d3eb6408491bbae7ad713e23bf3b586e236f5f7ac16a75a8b39af12dc2b498f5e86b8ed45fca9597ab7635b9af4ed2a965202f6ae76f27de8dbbe5e3ae2b58ec688e2fe28ea9269fe1e58611fbcba38c8ac5f06e8ada5e98cecdbae263924f502ae7c4b2b717fa7c019b76770e3dea6d56e0e9b61b81e883b55dfa17cb7307c67aeb4452d211ba6718f97b7d699f0d7c13e7eaf25d5d2b498219f3dfdaa5f0f7865b57be66dca2e6e1c8dd8e82bb0b6d3a5d3678f4db56db2e409243deb1ad5395591a50c3b72e667536361ff092186ea60d159db8f2c228eb8e959de37d756f03c30edfb2c3f7413c67deacf88bc4274cf0f0d3a352ad9cb48a79635c178a3fe259a679923b092e9824207407b9af3a8c5ca5791eb54972c2c717e2eb5b9f116baab82f1af3cf7fa5769215f0d781228633e5b4e4190752edd38fa555f03f870ea97ff33322938dd9e4552f195ebaf8a16d564dd6f6ff002a2b7f17bd7a3cdcd64796a2e29c9ee5bf0e59085da351e62b36f91b7753f4a778f6cda3d253f77ff130be7f2e303f857ffd5577c27a7016ada8316daa495407af155354bd9ae5daea46dd34df2a93cf963da9c65a95c9ee6a796f8fb4ab5d034d92ced93cebe913f7b291c203dabc835cf0a0b1b588347891b9233d2bd9fc7acc755fecf53ba691bcc99f1ce3ad703e3bb865d3de4c7cd33044e07ca2be930155f43e4f30a316ee8f2bd4e00048f85f92a9e9906d82599b6edcedce3a56e78ae38ec2cff873fc581deabb590b1f065a861892f18ccdecbdabe8213ba3e79c4e79a1f28b15ddebbaa0278dd9dc4d5fd423462b0a3678dcc7daa84efe749d36af61ed5a103ec7509b45bfb7be83e59ad655950e3b839afd45fd993e295bfc46f01e99a95bbf98b75028948e7cb703e61fcebf2dc8ca6e6e9d2be81fd827e355dfc3cd76f349b8919b49ba752141ff0054e7b8fad7cdf1160556a3cfd51f59c2b993c3e23d9bda47e9cf876fa484298763b06c00ddebe85f80be348e1b6f2e5936ccab81b8718fff005e6be56f87be264d4b4f8591b2aca1c1ce6bd4bc19e299a191b6b6d318185cd7e61520e2eccfd52a5a51ba3ee5f879e2b6bc55f2dbe5db861d8d709f137e2349a678adca1caa9c327bd703f093e30bc21637ddb9481d78ae37e37f8e1a3f194b1a19364bf30607bd0de870469be6d4c0fdaafc316be363fda56ab1fda9972e01f98d7cd5adc120b792d6fada3b9b761b19248f70c77eb5f42b6b4358b6646f9a48ce0b77ac0d43c0f6daac8c76ae5cf719dd4a374ee99f4781c6f247d9d5d51e47f06be0bf8434cf125bea90dadd47227ca21fb43790a339e14f03f0afaabc237faadff8a2deda1d46df4ef09b44aad0edf32659072093e99af1db9f83b73a7d9f99a7bb0f589bb7d0d777f0ab5bfb2bc16ba847346d8d85c8e0d4cb113bea7b35b27c1e2e9f35367dc3fb2ef8eae35bbdbab4bab9d3d9b4f902c72a9c79cb8e0e2bb2f06789a4d73e246b91aadbed8650ad2f99f5af92743d3a3bbbb592d2e6682651d51cc79fcabaf97c097d64904fa6df5fdbadef33c8263927b935d14f192e5d8f92c4f0ac54edce95fc8fa93c33f132c7c6326a9666e23b74d2e7db231907ef36f3c7b5729a9fed83a3a4d7d6771708f042ad19f2d79cd781685f0766f15dcc90bdf5d4426625e4f3caee3ea715e97e02fd9cbc37e05b5926ba1fdab7526047b8743ef5bfd62b545689c35387f038695eb4dcbb247987c60d2eff00f69cd2d74cd4ad96e3c3ab387b685979214e54b7d0d7a2fece5fb33436b7b15d4b17eeed8048cf4f2f1d80af4ef067c326d527f3e48e3b4b58c8db122f5c57a569da5c5a65aac50c6aabec314e8e02ef9ea3b863f3f8d0a3f56c2ab22bdbe9cb6512c517cab1ae39aa171a4ac978656e54705bd2b6c45b581a6cd0704f507a8aee9535d0f8f8d693d5bd4cfb6b5525557839e08ab5fea837cd9c7193449279057006ee9f8563f8a3c4f6be18d22eaf2e1825bdaa97763d4639aad122e379b391fda3fe3d68ff0001be1e5e6b5ab5d45018e3768558e0c8c149007e55f875f133e2bddfc6abbf177896f248d6eb50ba3311fec6ec28fcabd5ff00e0a13fb63dd7ed7bf1aee34bb59a6b5f0e786e67b7861538fb4b8c658d7cd3e15ba64d1759b27024f2ee18648fba33d2a55372f799ec61d2a6b94ec3e0fdbc862842e1848fb5fd40afac3f67bd1249e5bed1ee9564b1f11696f08571ce53a62be69f8056c27b6dcc859376720f2b5f4cfc0d97ecde31d0e5fb4c8b6cd3bdbe186edac7918f635e6cff008963bea5953e63c7fc5be0bb9d1f42bcb7d986b691a26463c800e07e98aedfe10ea4357d2adad6e25db22295471d467bfd2bd13f686f8656b61a9eb2526c477444bb8a74271915e43e0dba9bc1de3ab2b486456b6b82625cae437d2b177522b9954a67e8f7ec41e315f17fc24fb04922fdab4e83ca9806ce369c03fa57be69aff6eb5b795972ca3e6cfa8af90ff602b45d27435bd591d4dfcef6b7098e1b2588fe55f625bc5e53a9ddb559780074afacc336e08f83c64546ab485badc54ff798e17da90c47cb5047ccbc539433fccc3eed18c3b7e95d072904992acc131b476a8a561e5c6dcf1d00ab250152bdbd6a368d461875ef4015ae3e6858fcbeb8cf22abe3ca886d5f9b38e6ad33af9b8eadce78a8e5560aa83bfbf4a00aaea40f9476a8e48ca36d271baad3c6d17cc4d42570ff0037f1720f5c56605496100ff5a36e57fad4cf0e10fcdf9d46632b83db193ed4015d8b05e39fc2a268be7fbdf363a5582bb2100544eb888b76fd680207894939ce17a7b543242a81bd5ba71d2ac3c2cc4fcd85f4a81edb7c7ceefceb302b4a7646bd32d9e7d2abf93b0e7fbc7939ab73c3818da2a268f86ede98aad008265cbaf3f5a825fdd7dde3dc8ab0543c7b4f7a63a284da7273d334981476965f97819c927bd45286ed8f7ab9245b73fecf4aaf2a77279ed48af2209a2dc187af3514f1e4a9e032f1c55a74de7ae2a178f3f788e3da824aa11901fe13ebeb51a8f9437e1c77ab062dd27dedc3ae6ab8c4670c718a0b3e8a6f9777a2f7f5a36aedfef01d314e23e555f6eb4d91b3f77f4aefb180ec0672bfc38cf269908dc8d86ef8e7b52c27cd7c2f0df4a1d410ecbebd296a01149b0b6f6f9874f7a6bc7c7fbdce05398ac917cc76b534206dd9e5947e7520006032edff008093d6a3dc165e38ed9a717ccbf776f6cd2344ca71d8faf6a019189705947033d4f7a599b6e1767de14e71e622af1b94d3426d8f6f1f7a96e044ebe6c602fcb8edeb511db1eedb1e4e2acccd893d97a556b875d8ddb69e95004121c4795cc65bb1aaccdf283b7be307bd4d34fe60591ba37ca4541336157ab67a63b538ee52dca978e57eea103d0d51b966562bf8d5bbd9583ed60c78cf5e9599a84bb235ddfdee48a7228cad566f2f2b9e79c1ae6b509368feff005e4d745ae9530e7770bd0d727ad7503e6618ce7d2b09151d8e6f57b85576dacd5c5f892e8093ef0c8ec6baad7e7cb7e071ef5c2f88a6c48d91c019cd41d14ce1fc6738129f461ce0d79eebd721b77f773c5769e30906d2dea4f1e95e5be29d596067c1da7ebd2a2474d38dcc2f14eb3b2265cedec39ae2358b9f3972c725b835a9ae6a3e6b33061d7a57337a4956cb1391d2a398e98c5a464eaeca0614f7e9583a90524a923e61dcd69ea2db9d8fdddbd39ac6d418b7ca4f3d8e6b44cd2376715e2f81a7f13e9abb47caa413e9d2a2d6f6ddccb0b37eed7ae07dead9f14693bdede45c615f6b11d6a092d963ba56c2ed8feefd6b1954d4eb8d35625d3b483a2694d7cc1a3dc76c5c739a4b6d58e9b6925cb2ee9a53f2331e4d3bc53ab30305b090e2d543be7d4d72faaea5f6a81a693e5f2f383ebef58bbcb73a79b916874075bf388693efe795ce73f8d62eaf0dd78ab54334c56382d576c3083c83fde34787eea38f4c5902f9924b920b54ff007048cf26ef3319dbc64fa54c74d852973ee743a6887c33e02662abf6db9dc43e7a015e73a7c136a5ad497122fef10e36b7a56ff8ef51f2f47b709f288d762ae7a554b0d3fcb8a1566e301e43dc9ad29fbba99545cd646e5b8361a6c6adf2861b401dea8ea9751db49ff4cd460123838eb56219bed6ecedd235fdd8358f7112cfa9491bb6ed89e594cf52464d5c3726a691b1c4eb36de54377aa37cd35e39488b0e157a66bcd7c48ad757a4659d2cd0b9c8f9726bd2bc5cf35cf8aae1771163a5c41522e8a4815c36af0b0f0a5cdc332a9bb977b103b0e83f5afa3c0c8f97c74773c9b5e0daa6b2b6a8a4fda240a7fad5ef1ea0b6bb585b85b48d635c0ec2acfc2ed3cf897e2099245cc768ad2e3b1c56678cafbfb4357666f98dc3b49d7a283c57bd4e57972a3e7651b47999cecc77b31fbbbbae074154db0082c71f4f4abacc1a52d1f3c753daa9baaa3125b71eb9f5aec3945dfbdc2f381ce2bd0bf677fdeea37dd3aa9dd8e841af3f1ca6ec8f41815e8dfb372b34f7cdb576b3853f9570e63fc167a195ff00bc44faf3f676f8dcfe10b98ecb529246b366d91cc7fe5993d8fb57d4fe1df1247346b32c8acb20ca303f787d6be17f0ee9be6dbfccbf2f5c57ac7c1df8b977e0cc58dd6e9ac1b1e582798cf7e6bf32c7e162df344fd732fc53e55099f5b687f1026d3af15964da2339209eb4ff001a78d3fe1219e3b8676576185dbcf35c2d8eb30ea9616d7109478e6c1041e9ec6add9c9f6807770cac4835e47224cf53956e8eaf47be598af964bb630d8f5ae9b44d3e4bd95767cdb31903b5703e1fd7469daec2428f2d8ed707a1af6af0f690b3c51b5afcab360fca3a669d8ca5268def01e9f0dc158ef2df70031b9457af785be0f687af5ac7f68b78cae3a80335c1f87ac4c416188aaccc719f5af6af0859436f651a961e646064d5f2a7b90b17561f049a2b47fb3668ea15ad649210befd6b6ed7e0d4cf691c2ba848cb18ce33c5747a6c5e61556dd8ea307ad6ee9fa6082456590eddbcfb57446847b1954cdb12b795ce67c2df066de04db34fbe4ce4364d7a2683e09834d0a1f6c9e9ed51e9b669e6a9cf519fc6ba4b68d76aeee4b77aeea54e29687858dcc6b547ef3248a310441540519c629c083d33bbb01463767b60d3bee27cbdce4d6fa1e2735ddd8840f2cff7bb827ad324609164fcabdc548177fcd9fa5737f127c7163e07f0f5d6a57f3470d9d9c4d2c8cee1470338e6a27249174a9b9bb21de2af13d978674d7bcbfbab7b1b58b25a599c2a81f8d7e42ffc159bfe0b12de28bcbcf87df0e6ed961dc56eb5046e25da7e60a6bccbfe0aa5ff00051ef13fed23e289343d16fa4d2fc2b6929558a29306e707a922be02f106a1f61f895663fe5dd3e5627beeeb935dd82c0fb4f7a66d88c47b05cb1dcf68d1f5d9a7d556fa0b9ddf6c4f3b3bbab8fbc0fa9cd68f847c4ab7525ccdf2edb8728c0739cfad709f0eaf7ec526a1a6cccad1432ee85fba83cf1537852fdb4ebdbeb650772dc86cf6c1aeca9412e81431926f567d2dfb2cce679638979fb4b346ca4f0a46457d45f080476f73a82c96f2b3e93b6eb1b7238600915f29fecfc25d3f518e68db742f2894e3b1ef5f507c1bd5e48be2fdd5b330fb2ea1a6cc84b1e0f0187f2af93ad14ab687d27c544eebe2ddfc9e28f10dd58f97e658c6d134b23ff02b6dff001af26f8fba4bfc3af1e7876485614b28ee8084e39240e73fe35ec5addadcdc787758d50b47b9521431affcb4c14edf8570ff00b7769bfdbfa87829a4411bfc92bc6075e5463f1a5ecb99a39e9d6e5d0fad7f619d2beddf08f4594a7ef2f6e05c06dbc9e58e7f5afa9cc26431f98a4797c1c77af32fd96fc08ba0f8034a611f92b15a20893180808af559d5bc962bff00ebafa5a11e5823e3b11539a6d911014f4da0f5e6a39010bf2f3ce00c54ecaa5370f971d6a268c2fcd8ef9cd6c73dc8ca001be53c638a8c28ceeef8c7353caa0cb9c9dc714c963cf1fce81958c7991b85e06734c7c46a3f9d4d222818f4fd69a22583ef7cd40ac549a3dbb9b76e5c74a8e31cfcc38f4f4ab4e3e7feee7f4a895727e6f97de9357148aad1a97dbb49351bf0186d38ce0e7b55a70d9f6fad42c0ca9f37cc3b62a5ab0e3b15766c0dfecfad42518a05dbdfaf6ab371101b4e5b9ebf4a89d3cdcf24afd690caf20650dc7b543965fbd9eb9156de1fdd638c54122e631dea1814a4763962bdfa5327232a3db9f7ab0e360c7f17ad4772762636fcd8eb480a8d0ed55e3dea399760fa1e7daac4fb563ddf7b3d79a8957cb930a3a8a068af2fcedf2fcd55a7015fe6538e9f8d5c9011fc3d2abcdf3c99c72a281ec5566c2ff4a8dc12197bf5a9d9404ec0d44dc9e3a9f4a04c81e30085c95f97d7a5412c6377cc556ad48a19bfdadb504918b8f5e281c4fa1a3c6570dc76c8a27c15feef38ddda91e5f37276f43d3d2919d83aa81f2e46e15e8188e74f2a45dac10e3391de9a3779459bf88f069e3243ee51f2f4a8dfe51f2b363af34ac24ee238f3675dd8c63ae284605ff8b39c6477a734abb86ee38cd370a1b76e0368edeb5031aae40f9be66cf39ed44eb9942efebce7346cfde3316e690ca19b73632bd05003701c30c60f4a61568477da0f34e97e68c1f53d050479cc0f7ee2a7d006390d1b63e56dc0f350dd3624662016c647bd4bb0a677773e9519f9939fbc38c77c527b814e55dd086dbb9ba62ab8f9245ddf2f18c7a55b911515875dd54ee5b6fcdf2fa63da9c772ba94f5091b7332b2b2f4cd646a0fb5fef6de7b8ad6bf5610e1471c9e2b16e8eecb37de1d3353265197abcebf6665618dc7bd723adc8c926ddcbd3d6ba4d5e4664db9ce7bfa571fafb324dd8ad66ca89cbf886751f2ee1f28fc8d707ac5f792cd9da6baef175c7944b6dc9cf3c579df89af3e76f9c2d6323a69ec71be39d4b0acbb9791d335e43e27b9dd249bbd78f5aef7c6ba965e4ee3a57986bd3992691b764eeac6477d3d8e77589772fb67823bd60ea57004640fbdf5ad0d56e3e76ee73d2b0754b95fb36586d6dd8eb44756742899f7b289776dfe1f4acbbf915d71d31eb569d5a694e4948ff89bb565ea1371b631fbb53d7d6b45a97b152ea15bc7645425719c83d4d5078de0bc8e37450b1fcec73f9569d86e685981c2a82dc5604d7a2e24ba98c8c70b8ae69fc47553d8cad4b57fb55d5d49230f99f8c77c5721af6aadab5e0b142ff3b0208e805686adab37961576a95241f7ac5855ad7515906e6791bbd38c49a92bbb1d7cccfa5e916f1c78120f94b1fe114d59489631bbf751fcc067ef1aa16124d7926d998e3a85359fa96bad1dc48bf2c9f36c5c76a4a3763be86f4c7fe12bf13a5b15d8b6aaac7ea6aedced8da51bcb3741c550f08a98759d4a4fef2a9cfa6054f683ed9791c3b8fef3a9fc69bd0a8ea59b93f64b8d3ed55be7bcc3c9b8e368cd47a058c77fe26bebc25992cc641e82439e07e18a5bf9c4be2e9fe52c96a16356c679c56ac361fd9fe11ba3f7a5bd996355efc511ec44b5d4f2af88529be963d3e191bcfd4ae32db4738cf4fc85729f1cacdbc37a4fd9d4a948904613a658f26bb2d174a6d5be21dc6a0d966b4630c6bfc298e2b89fda308d4355b78e46f9de42401dfb57d060e567ca8f9ac646e9b28fc34f05af867e13ea9ad3c7b65bc8bc88dc1e8cf91c7e15e4fe2a546bf99947c8a8238c7a00315f507c49d1a1f0a7c0fd2edd57cb56556208eac14e2be59d624696e2eb7291b1b06bd8cbea7b49391e2e650f6718c4c794ba5aff007727f4a86dc0652bdb1dead6a91796aa07cdd3f0aaea375b67d4f5af60f2449b28db7776e9e95e9ffb38db7970cbff004d24c935e5d1f03e6e78233eb5ec5fb3ec6916961587cd9c8af373297ee99ea64f1fdfab9f40f85ac04d688155b6af7c77adf874ff002656500a9c0ea2aa7806032582f19ce2baa9f4f091efc36eafcf6b4da6d33f55c351bc2e8d0f85fe3b9bc2575e4c9ba5b166c49193f77dc57b669b711ea36f1dc4127991be1b72fad7cef1a29997d7bd7a0fc3bf15de6882358e4fddbf0cac3815e6d7a6afcc8f468b7cb667a6ef685ff84b601c9191ed5eddf03bc796f73a7fd9a66f2e68dc6091cb7d2bcb74bd261f1868cb359b0f363519407a7d2a7f066a8fa16a8aac7cb91187cc47cd9ae4b9538dd1f57e86f1dc4c0aae1a33b96403a7d6bd2bc1d70c76617744472deb5e2ff0f3c4dbadad667db247230121f4af6af03dc42f7eb0063fe903e43db9f4ad636670d4d19e91a25b6e68df9db8c71daba9d3ac795641dba7f7ab0bc2f07969e5eff30af39f5c5755a7ce52354f976b715df455d6a79388a9ae869e9f60acb9daabb70318abd1b79b2322c6cbe5f73de92c6331a852abf3743e9573956e9d475aed8c523c5a9377d48f0c0f1f4e9405c7f219a98a2a6e3d727f3acfd4ee48fdcc2d82dd4fa5136918c2ece2ff00681f8fba4fc00f871a97887527ff0044d3537498ee7d057e37ff00c14d3fe0a83ae7ed031697a3e932cda2787b559ca88d49f32e106796f635f6e7fc16e7c64742fd9c2df45b7750dabde223293f3328e4d7e357c5832eabe2ef0cd9fcb279485107a608cfe958e157b6a9aec7b8a9c68d0e65bb28fc588245b5b168f2f205c823a015e65e34d0a4bc30c9e5ec92540db8f6f535f49685e14875ed318ccbe7346c5471d0579e7c68d0e1b3b75fb2c3931b7240e83d2bdcc3e2945fb3479b8bc1ca4bda33cf6c75a3e469f771a82f1afd9e7c7f163a3575be1d59ae7588e40a19a46f988e8c0579ec5ac7f666baacab8b591c44eb8f954d7a87c29b16bbd71ad970df3e6303fbb8ae9c4ced16ce5c2d3e69a89f52fec67e05bcf16cb64ab2431c335eac4e9ff2d0a92074fc6bddbc49a4c7f0d7f6963a446ae91dbca605de7950e8719f5aafff0004dff876ba95de8f75143e649757ebc119202903fa56f7ede332e8bfb67eb0ee5635b7b48e651d3042919af8cc553ff9787d3e1aab94fd97915bc39aa4be2bd7e2d345c79b2cf79e53468782aa7afe95e9be0cf00c7fb5dfed9365a658891bc2ff000f60892fe465f96e2e4608507dbbd7917c11b3b8f07781afbc55241e66a17c5e1d3830e5d98e0103d6bf42bf605fd9eadbe08fc1cb7b89e16fedad78fdb6fa471f3b48fc9cff002ae8c0d3e795d9e766351528d96ecf6eb0d2e1d1f4c8e0854471a285e3b0a193cc6f90b6d5e7daa60acd29ddf32fa62948c9dab8c3751d857bfd6c8f962399038c6dfc0530825074ff00640ef52245891b6fcdc5354e236fef29fca9888645d8c0b6efc0d46573f30faf3561d028dddfdea167db29ddf28edef41699085cfccdd8f0053593f7ac79e3d6a609897ea299b32cdc6eddd68195e58bcc8f70effc3eb514b16f603a71fa55ac85553ea71f4a8a4b73cb6ef97b62802b4abf786de16a12309b776dcf602adc8aa0b153f7854120643b42eef7f4a4c0ab2a636ffbbeb55da0210b72bdead48bcaff00b239a637ce3f8b04e2a00a92a92f8fe1fe555e584a1f73f90ab930556fd73e9504fb9cfcbd2802bb2eeebdbaf3514916c1d79f7ed56a54cae14f2d50ab7988c7d3b54c80a72a0fe12bb8f7151cb1320e5fff00af53489bfeef5ef4d2bbdbb6d1ed520531f73774e7f1a8dc120f4ddeb565f86fc78a8a58738faf3415ba2af94a4027bfe42abbc5b460363d3156a75c36d1f76a39f6ca33fc23f9d0494dd1b3fe02981413c6471dbd6a76017e6c7cbd8d4322071f2f0339e6a6407d0059645ddb98163d7340937caa0e7711da856185ddd327b74a562629b0bf36e193f4af48caf710829bb6ae41fbd9a5b86cc3b7775e9410d8fba59597ad3197ccb7054ed2a71cd0288267cddbb7e40bce69a7820ed52ac791fdda9195b6649e71f9d46061241b5bd6a7a143663f3640f94fb50ed96ed851d682fb62dbbb8f614d383fc3dfa9a901a5770c7f176a4915563cb679edeb4a46d5c01b87ad36490b7cbdba73de8023907eedb6f43c90ddbe94d948639cee3ed525c70428e7fa55763f291fc4385e3ad66047709b5fe4fe21d3b552b80aaff3677e6adcdca7cc36b02318aa779200a077cf5aa894b728df6d46f94b0ddfad63ea12158dfe5efd6b4ef5f7ab73d39fa562ea1361796dca7a0153228c4d6df7a73cb0ce08ae37596cb7f17bd751abc8d183bbf8b38ae3f5cb90aedd3db9accd22b4389f195d60c9f31e991cd796f8aeed4191b92c2bbef19dde666cb0e98fad796f8ba7f9a4c37047033d2b191d1496a79ff8c6ff00786c36dc93915e75ab5c655b918635d778c6e07ce58e48e95e7daaddaeecfcc1b3d0572b96a7ad4a3a193aacff003b6d63c9e95cedfcdb64239c939c11c5696ab75e59397efdfb561dd5cf987765be5fd6b48ec6c53bdba2a1d58b26ef7acbbe60155b76ee39f7ab3a8dc6e91bbd665d5d870bf2ed5271f4ab8db7644b71f6d74d6d677586dbb948c67a56034a1ad6e369e7664fbd5f57320b8f99942a93c8ea2b22c51aed6648f731da7f1acab5933aa945d8e46edf370438ce0e6aaa16d435b8e38d76f931979067ee8ad4f12d97f6715711fdff00d2aa6971fd8f4dd4b5068d959d046ae7d288ec438bb915df885ac6259219085cedc1ebc555b4bd6bb6fed056053cd0ac84743eb59fa85e794f1c7272c17273d89a9ec63105a32c830b23ff00935b38ab5ccd4b5d4efac63922f0dcd37caa27908dd8f98f14fb055b08e6b8919495c2a93fc34ed4b78f03d9c50eed8251bc81db14db74fb3dbdd3b7ef1704a83cd71dee75ca36455b4b9637ab3313fe9130279eb835da78d2c9346f0a69b27cde633348c3f3c579cdc5d7d9351d063918b7db1f002ffbd5ebdf1eecd6c2c2c2185485f271cfd2b4969348ca9fc2d9e63f0d7c3f2369f77785bef48ea80f73eb5e51f123496f12fc75d234f8d7cd0668c3af5c90727f957be7c2dd2daefe1f35e03ba3f3dd147b8635e53f092c1f58fda5d6668f7f932b303fddaf530b51ae691e5e2e8a7cb15d4b7fb5beabe45a697a586555b3c6f507d40af99f50b26b8fb637cac249770c1e40ed5ef9fb4fcd1ea5e3dd44445b31cccbc8e9c115e2706945b41b8ba91564db26071d315f4195fbb4eecf9bcda3cd52c8e3f578d4425bef738a833be350aaa173c8cd5bd477a41fbcda5776463a8a2ded92fad8ac3812f521bbd7b3b9e0b562bdb5b0c48bb7b8da2bdbfe08d8ada7d9c74dca3231debcab48d1591bf7cacadd49ff000af6af85b60a12d5a3cb33704e7a0af2336a9fbbe547bd9253bd5bb3e82f879631cb000cbbba1181d2bba9b462d12855c13ebdeb97f85969fb98f76d3cf5af5b8b413358a90aa3d0d7e7389a969bb9fac6123ee2b1e59ad699f62b8dc0679e9e957f47918636b9607b7a56bf89b476b79f18fbb542d2c9d263e5c7f2b567cf746ea3667a9fc2bd765d34ab46ecacb82306bda22f0d5af8fec3ce68d6df500984900c6e3ef5e13f0e42c2f1f0c5bd076afa3be14d9b5cc50e55ba81cd79d51d9e86d28d95d12fc39d567f0ddcff00666a11b4370a36e1cfcae3d457d33f0a354796ceccef8dbcb3dc7cc057296bf07ad3e22e93e55cc71c771180609d78643f5a97c37e15f12fc2dbfcdf5a5c4d6ca70b3c23cc461ea71574ae79d5a5191f45e91225a405bee8c8c13e95b305fc6d365986e6231835c5f83fc550ebde1fc2cd0b3e385279ad2b2d5589893695f29b2d9e86bd18cacb43c9ad0d4f47d22eda78303e600e0fbd6835cac2bf330c7fb46b88b0bebdbf9fcbb5864553fc58c015d068de1e994f99a848ee54f0a0f1f8d75c6b3678f5e9c53d4b97baa6e4531e5998e33fe14d948b580b05627f9d49e430be1232aac718ca63f9556d5af3c9b59241f280849353524f764d349b491f945ff05a8f8d5ff090fc7dd27c2f036e8b47b533dc0ea14b74fc6bf3ff00c490adfdc25e2c6a2e2ccbed703ee835ef7fb66f8924f883fb5af8f358493cf8d6f05a467afca9c7f8d78fe81a736bf7f7d1a8568e19417522ab0ad423cc7bd5a95d281dff00c25f0f24ba1c5136e6f39048d9e0e6bcb7e36de5ae8b77aadab796b23031478e72c7a60d7ae68da8416fa06d8b72c8c7602bfc35e43f10bc2d6b7de23371a82b35a5992cadbbfd6bf5e3d715586adfbce664e2a9bf66a313c2ec340b9d16ddbfb4a13225d37ca3196cfad7bd7ecf9a43787b4cbed67cc8ff00d16111c6ae99cb31c01f5acaf0a7c37b9d7256d4aea191a1673b370fe11e82be8bf835f02d7c59e21f076856313347a8dd8d42f53fd9538507ebe95d58ac729feee279f87c1ba5fbc91fa37ff04b6f8096fe19f86161af5cb063b3cc5caff163271f9d7c89fb5a6a8df1b3f6e5f14d95bb2bc2af1dbb481fe5445e5f9f6afd19f89be34d27f65afd96ee24b89a0d2a0d3f4c673fc3f305e83dfa57e68ffc13d3e0f6adfb477c591a9cbe7c9fdb17f25edd484904c05b201f4c8ae2c543e1a512b0152dcf8891f697ec8ffb2845e3ad5748d72f6391b43d2542d85bbf0876f01cafe66bed3b4b78edd7cb8c6d54f9471c003a557f0b7862d7c1de1986c6cd1608ada31180a3b0abd1ed9e77dadf780c0af4f0f45538f29f3b8caf2ab52ec2524e46d1d39a8762ba0feef40077a9712025a45efc62984a92cca783d876ae83948f615e47cbf8d336ef391d3eb52b293b42aa9dc3f2a6b36d9103676afa50042533b97f87ad44577966e0ed3d187353cab893e51daa3d8a580e73d49a008ce727b9ef8ed51ba657f5e6a69408a5f955b9f4a6b22a16c96c63ad0526432ae015ecdfa54613cb5da02edf7a9b6e1973f36efd29aeac8f851f2f7f6a06ee5768b1f2b053bbbe3a55792025fe41f955b663b3e6e7777f4a854857233f2a9e28144a9727e5c606ece3150bc798c1e579e956241e58661c9cf27d2a395408f0df37b8ed51228a446dc8ecc73f5a8d8e5385c7a559921dfc15200cd57c611b939e9480aec36ede471d3f1a64912a8dcbf88156270ca5b8db8c62a2746cf5f7349815644c85cf5e9c5452c2a3e505bd71567911e73df02a3954bfb7bfad40152745d8a39fad452c450641f96ac326df97e6c0ef8a8dd8a3851caf7cd0522a4bb47bf1fad412c7bbe65f4ce074356656624f4fcaa29d36a7752454f5092ea556521f85e319c76151bab39fe1db53b4261033f7bd33d2a200b8fe2cf538aa24f780be648ca7bf5a07ca17e5e0f19f4a1547cadd1bbe28276e3e6fbc78f6af40c5f90f2ee8df2b295e9cd3648d5772e385e4e3bd24dfbd5ddd769e694b82df28dcaa3a7ad0111a06d88b1f9bd0e3a530ab3640fe2e054cecbe5eddbf263e61e94d46008f65c8e6a63aab1446a3ef6d6fbbd41151b1f98f2cdb7f4a9b2123f9b6ab377a8641e5c3956249383ef53b007de1f5a6b8dec4e7903a0a7dc050cb82bd79a66fcb7b1a008ce3cdfbca4f4e6a29381b88fbbd2a591763a92a08f5aaee158363f2159810dc9601b1f2eee86b2eebe41d769cfe06b464915507cdb47619acad526c5b32afccd9cf355b22d6aca77d379218301f374f7ac3d5a7c8dbf7557f8bd6afdc5db38e7b7183583aa4fcf24e3ae3ad67295caeb630fc4536c6f95891ce326b8af11cdb9b238da0e6ba4d7ee72cbb5770e7bd70fe23bddeedb4b6d2318cf4acdb358ee715e31bc59c7cc76fa01debcbfc54dbfcce1bbf7aef7c5d70b096dcd9e0d79578bf5411966ddeb919ac65256b9db4237679c78ceeda176257e6ce0579dea1a8b49349f36dc77c5761e34d65657fbdf29241c5701ac5e246240ac79e2b97767ad4e36450d46e7cf958330e3a7bd64a3b4efe4c41a591b808bc9adcf0b782b50f1fea1f67b0899954fef673f75057b37853e1358f83b4e5f26de17b9c61e5c64b1acea62141d8e8a7479dea78ad8fc26bebf8fccbd6fb246dced03327ff005aac3fc38b1d3864c2d21c7cacf5ebdaf69fe4ab3609dc3a570fafc32c658313b73d00e9ed5cff005b6d9d71c2a38bd6347b58f4eb96f2e28e1862dc58d707a4e8ed2dd3489f22c8a4002a0fdb7bc79ff0afbe05cd34123433dfdec3002a70480c091f9569fc07d5a1f88de08b5beb26171b576b28393c75cd6b5a338d3557a30c3b84aaba2b738ff14e8665d6e3b56e649240003deaf6a7e0b7b9d0f50b6d8ca2cd51881ee41aeabe37f83c697f60d7235648e19434a476ed5d87c25f09bf8e63d4a4893cc4bfd3f7a13fc4c2b9a58ab45491bac326da3e52f145949677572cc8abbd804cfb56ac16ab26a10da4832d7162278ce7b8c74aedbe2bf829ac7538e39edb6fcf8208ef5c8ebd39d23c67e1b9f68d9f35b1cff083d2bd48d653826791529724ecfb9ea3a468b26abf0fec67b78cf97b4acbec578ac4d7acdacbc31a8488df35b2f99c7718af56f09f8726b8f095c58c1092e8de62285e30466b8fd7f446bed075448630b235bb0651d88e0d79b4ebde7cacf5ea504a173c97c4b2c90ea3e059235ce0ac8ede9b9f35f457c7b823bcbeb185d557fd09a45ff6b099af9fa5b269a0b2776dd25a948c0cfdde9d2be8bf8cd6e757d1bc3778b8564d25a3620e093b08aeaab2fde2382953f719e63f00566bbf8236abf2ee9a4988c74cee6ae0ff00678897fe1686a533ff00ac82edd6423d87ff005ebd1bf6721f6efd9eed554f96f1cf200c3b7cc6bce7e0506d3be2edd5ac9f7a4be90483fbd906bba9cb492471d58ae683396f8dd6e25d7f5697eefef2420e3a939af269e06b6f05dadac79db712bcb2330ebce00af6dfda125b7b7d5eea18fe66919810bfc35e53e2cd39a28f4f897e58fcbc8faf26be872fa9fbb48f99cc69dea48f31d7e158edd95400b13e09f5aa9a746af39ec320715ade28876692f2329563363f0acfd0e3f33516ddcaecc91e95efa95e373e7251f7ec779e18d35adad7e651710bf50dce2bd53e10e98976816152a14ed19eded5c47c382b3da491fdfdd8c1c57a27c2189b4ff18c36b21290dd1c273fc55f3798566d347d5e574929267d0ff06fc3e4c3e4cdf28ce7a735ef9e1bf09b47a72ac8bbe3c7040af2bf843a3bc5a9a2cd95653819fe2afa77c07a3efd28c6d16edc3d3eed7c062a4dd467e8f45f253479178a7c08b3c126c8f777181cd737a7f80648a6dcdd3be474af7ebaf0449a30918c7e64321dc1c2e76fb1a8edbc142f579b744cf20815cdccd2b17ed91c47807e1b2de4d1aa7eedb825b1d6be8af86bf0eaeb4db58576eec10411deb2bc0be016fddb6d5f978e075af75f03787a4b68a1dd80a84027190d4b979999d4c41bff000ce3fb344b1cb1ed71dd86335ea7a55caaaaaf96acbdfd2b0bc2fa6077026b75639e1abb5d3eca0b68be5857df8aeda31b1e2e267a94bfe117d26f24f30d8dbb393d5176e7f2adad1fc196707cd1d8aa7bbf6abd63b44602c6a17bd692aed8c6e6273d8d77469ab5cf26ae21ec85b3b75b30bf7777703a53c1dfbb72fe1e94aa1636ddebc0a633f94a79cb63000ed5d3b23824dbdc8ee3f7ac07071fa5701fb42f8e22f879f087c41ac3c8156c6c65907d429c577b3709b7a161c0f4f7af943fe0aedf10edfe1ffec6be2463234725e426de3c1e599b8c573566f63d0c0c6f347e3b7877c51378924f116b5396335d5d497033d082e4d6afc37d1bec7a66a1792a969b503b801d0026b9cf83da71bcf0c6a11ba36e6810053df9e6bd3af34192cbc3162d0b243ba3518f71d6b1ab2b7ba8fa7a71e657317c4f0be95e1b58e394c0d27de6c74ad0f813fb39b7c54bc17fac2c9fd9362dc213cdc9eb9ad287c15ff098cb6f6aeacd8f99fd0d7d11f0dbc356ba0786edece150b3ba6c545ef9af3b158c74e3cab7348d1e6773cdf51f8796ccf27970470c0c3cb8a3c7dc8d78e057d3bff04dafd9e9758f1acbe27bf8fcbd374b41e53bae01551d335c1ddf816182e02b45e634c042a31f75abde7f697f8b761fb1a7ec451e931b797aff0088a0fb2daac271206901018fd2b3cb672727567d0e5cc9de0a8c3767c85ff0528fda7358fdb97f6a95f87be117ba6f09f87e55b3bb68c1f2ee1f3961efd315fa4bff0004fafd962cff0067bf8536b23c2aba85e44bb98ae0a2e0715f1cff00c120bf63dbeb6f0edbeb9ad5bf9d797d786ea49650773e4f5cd7ea55ac090c091a8c2aaedc0ed5f4b828fb47ed247cbe6959528ac3c36ea36db0564f9b3ce7151c76db3732939039c1e86a78d727b6dfe234c111dc5e36ebf787ad7a8783d08d26f317cbdc55bdfad0d1f94d8fbdd89c74a734c92365976b7af7a0b8dea7a6df53f7a802bca18ca143617a1a64cbe52643fdefd6ad3cd9fe1fa9a8645f31fe6daa8a7228020dacabf73b71ef40191c77eb524c810e5b7656a19d1a51d76e0fe62801a57cbf56e699b19a3383df152ecf93e5e3d698a0003db9a0088a6ecf5e064d35136fbe6a6518fbebdb02a1685f771fc3416990b26e0cb9eff95452336c5dbd4f5ab2e9b7803b678a8d9383ec3f2a084529106c65c67d47ad44f16db65dbd49ab8b196c9c827b7d2abc8336e7be0f4a4f53429c8adbb07a7424d46f1164fe66ad488a8bb9b9cf6eb55e78b774e3777a802b4abb98eec80dfad444ed1b57a01cd599e3da6a164011b1dfbd005768c6c6fae6a0c11918ed9e6ad3a2ede79cfeb50ca9b31b7e5a8b015265c1dcbf7bbfa540e3cc6e725855a9d58c8db4f5ede951c80e06e1f8fa5202abae1871b4e7a543322c9bb39e3d2ad3850df7b26a190ae0f1c9a0ae8539155a4fe2fc6a27668fe6fbcbdb1565d1a48f3fceabbc66534127ba8dd191f2fdd18e0f5a37642300bf37007a5208fc9456dd9eff005a76154eedbf7bf4af40c6dd8012636c2fcddf8a45e4b37cb85e31ed4fde626fbc0eee94c5c6cf97f88e28088236c88ed2bfbceab8a67dc18236b763ed4f91d4b2c79dad49e6f07207c9c7d6a5f91435a369220c02b0534c2df3b315dbc703d69fb7cb2a377dea8254ca901b76ce0512ee029daebb82fcbd4fd6a372a70d93b7b814ecec45db9e7a8a665630006cf7359b01932e4ae73b7f95539a5d937de5dafd302ac4b88cb751baaadd15d9db8e83152057b8f9006c292bd2b2f56b9c2f0738ea7156ae666b75206e1bba03597a85d2bc6d8dadbbde9cb62ccdd56ed4c5f7b05ba71d6b95d5ee9909c36dec39adad62e7642720285cf35c6ead79bdb77b70a4d645c57732bc41a800bb9bb1c75eb5e7be29d695276db8dbeb9ae9fc5bac2aa9e06daf21f1df8923b63b377a9245672763a29c5b76473bf10bc5eb106fde2fa1c9e6bc57c61e35f3a4658db776f735a9f11fc611dedcbc71b77ef5e757970a252db97737735c7525767b3878a82bb286b97e42b799277e0543f0f7e1b6a5f1475cf2e08cc760ad996723e5c0eb8f7a2cbc3f73e3bf11db69568bba6b87f98e3ee2f726be9cf0cf86e0f067872d74ab6551f67501dd47de3deb96bd6f668efa34f99dd99fe18f02d8f83f498ec74f87646a3e6623990fa935b03c2e654ddc67d2b7349d35a55e369e38c57416be1c97ecfbb03247e55e2d4a8e4eecf5e3149591e57ac7823cf465d9f374ce3a5703e33f03f930c9b15b3ce78afa60784dae2df1b7e66ea40ae4fc6de0030e9777232ed5890b1359b6fa1d14e4b667e46ffc14d35c64b8f0c682dcee965ba9541ec3819acfff00826efc628fc17f12dfc37a94fe5d9ea8a4419e42b1ed50ff00c14c1f1fb48ac2ca5974fd3558fb97638af0cf873a93685f1074abef3591a29770f6afd2bea11ab962a56e87e69fda52a39a3ad7eb63f5ef5af8536be3cf87da9e8d3c6bb9d449139efdf35cefec93a7c9e13f175e6897ccabfd8f208c29e3746f9c1fa55dfd957e3c59fc4ff861a5ea4a419ade2fb3cea4f2181c7356fc70b1785be233789adf0f6fa85b7d9e541c6d71d0d7e5d51ce0e5467d0fd4a3cb3b54875447f1f7e0b5af883c6d79a6c6638e4b851736ef8ebed5f2bfc6ef87f2e9be13b86dadf6bd36e49dd8fbacbc1fe95f537c41f8b76b0eab617054b49e5a9de4f418f5af3ef883a0378c6ebc51648aac6fac85fdb803ef7ae2bbf2fc4495a32d8e4c6e1e2e375b9b7fb276b2be30f0a58dd3cca9334296f3ee1d18719ac9bff044969f1435ad1fe68d654982f1f7f39618ac1fd8c7538b47f12dc585dcde5dbea31ac96c3b0941c15fc6bd8be2859ae9ff0017f41d49576a5d9f9c918ea36d13938577d8507cf4accf8f6281575292c9ff00d7efe87a82188fe95f4478d34f61e19f054336ddb751496e5c1c8f9938cfbd785f8db4097c29f1df58b793958e5f3c647f0b3135ed9e3b9fcdf84fa2de2eedfa5df5bdd018e885b07f4af4ab4b58c91e7d083e5923cc7f661d3a64f855e26d0cb7cfa6ea129527ef00add2b83f870f1dafed4fe4ccebfbe9c36c1d4122bd4be1c4d17873f688f17787437ef35857bdb718fbcaca08c578dde5f47a0fed2f0dff00cd8b79a31276c90d835e861a57e6f43cdc446ce1ea47fb43588d2fc47e2091e343b667542393c9c0ae2bc59a2ba788ac6dd977adbd9e5b1ebb07f8d7adfed77a132fc42b3820555fed7b846553fc43835c0f8ff4c64f1e5f1076f92a62623ee8c6075fc2bd8c1d54a2ac78f8da5efb678978b6d5a5f005d4df744778a9c8ac2f0fd94926a6bf2ff060d77de34d11a4f8537431b546a0ace7d866b99f03d8b5ceacaca37799c006be868d6fddbb9f375e8fef524769f09c6d49a3ff0059e5b670074af62d1bc36da8d945716f1913c2fbd48eab8af38f86fa39d37c622dd94a86c17e3d6be85f0b68ade19d4a35901f2661957c70457cc6695945e87d764f45c91ebffb35ebc9e2ed3e033294bcb12219d48fc8d7d9bf0b34133d828fddbe470d8eb5f16fc18897c39e388ef947fa1df9114a47456ec4d7df1f072061a447f2ab27661db35f195a4bda58fad95e3045a8bc346dbcc1e509171f383f74fd29b63f0ea1bc72610631f7806f5f4af48d3fc306f6dd5586def923ad585f0abc12676ae3180714e3138a5559ccf84fc36d697ca9710f92c318c1e1abd63c3fa4a5ba2f2aaa84600acbf0ee951b6e575dedc0c81cad75ba6f87becd6ffbb999bb852bdeb68c4c65519d1e93a72ec56cf4e95bfa7daab47b9b81e82b1f4e7686250cac8c3af1c574760b88948c631ce78aeca70b9e6d6aa5eb2da531b7253a6475ab0a8a1c16dcbf8f4a8607631fcc556acc71867cedddb467dabaa2ac79b27dc41234c708bd0e6871b016e8ddc9ed53210170a554f7c76a84b86e598155aa92b11d6e5796511c4ccc7ef7426bf2c3fe0e10f8c8d3697e13f03d9b33497b75f69b80873f22d7e9df8c7555d2b47b99e4215618cb124f6c57e1bffc14a7e2147f18ff006bb9aea19bccb3d1ecb6021b3ce493fd3f3ae593bd5b1ed6029b71e7679c7c16d3a19eeae6d549f3921ce31db35e89ad592cfa3da59798c92062ebe82bcdbe026a324fe3492411e63b8ca01ed5eb5e27b0cebaaa8bff001eb007c7d735c38a95aa9f4987fe19a9e04b3923592687e69231b4803a8f5af5af84178b777705c4db59ad7240af27f859e228b46f12a7da976c72c2e327eee4918af44f0569bfd85aac90b48de5c8dbf3d867915f3f8d97bc77d3a7a687d3df013c036be2cd59b52d43cbfb2dae24cbf40dd6bc3fe3768f79fb5d7ed62b25c492af867c3676c3103f2bed38e07b9af46b1f8b4de19f0aff00c23f696cd34d796e373a9c14ce79fd6b77f674f065a690b74d3491fdaef2e618111c8dfb73b98e3f0ae8c1d65271a513c9c441d3e6acf7e87d77f00be1d41f0fbe1f6976f6f0fdc897f01815e8283cb56db599e1671169fe4b2edf246063b8ad27936f2a372b718ee2bf40a34d420923f39c44a53a8db1380aaa3a375a561f37ca32abc629db02c5d3be718a4dd85cfe7ed5a18cbb0c236ffb5b7f5a5601d7777ed91d2952268875dca6924398f95a023b0c20b276fa63ad45344ca1be55da47e553cb1970bcfbf15193e63336186ee08a76b144123ef80371ef8eb48d16583753806a666f93ee807a2d42e8db23c76fbdef48084fca5b3f2863819ef4d65caffb3fc5561e1dd86e3e515128dc5ce3f03401148bb46338c74ff6a9adb9431f6c7d2a40bb3ef727b63bd46436efe752c08e54207ca7b7e55091feb33e983ef56197283fdaa8cf19cafe154595594a01f2e09181ed504abbfe5cf20f20f7ab92038cfa0e3150cf1ec1fef5028949d7782a32a33d077a866c9032b8c71572e46d9540fe104f4a86e46255fe2fe959945478f8621874ef559d0a2ffb44f6ab532654f1f3738a69e100fe2a00a9227c84fa74a8655de83d3ae2ac942a48383dff000a8e488018fca8029b2303b80f97daa3932cdfd2ad4a3cb0463ffaf55dd377b7a67d6b302bbf0b8e7eb8e955e64f280c7cc3be6ad0ca9dbd3ebdeabce039c50040f093c762335048ac0838e08ab52295c7e555d8b677363d38a990d9ed51b90e381c0fca949dc15863afcc29165ebf2f27a1f5a072ae072dd735e9191212be5eddb9cf4a6852aadbba67208a562576f1dbad3037552dd0e08340018d5be6fe21ea294bb385c606e1c8c75341752d8e571dbd69acff00bb5c7e0476a9e50122976c24edef83cf4a6ca9b7071c669d248a136edcf7cad465fcc382cbb5ba1a25b00d70c8472179e86a1690636e3bf14f94799b5994e47bf5a8b729c1e8c46064d66f6b010c8e1dd7b0f71556f65caee63d0e0e0638ab1712111fde5eb8eb546f1f6a30cee0ddbd292ee3453bf9176ee562d9e003cd616a4e17ee95dd5ab76f86f9541c7a1ae775fba5519fba73eb4a5245a30b5ebc2ab264b6e3d01ae235ed43c9ebf2f15d1f89b52563bb7285031ef5e75e2cd67e5fbdf2f6acd9b4637672be3ef152dba48ad274c906be79f88de377bdbe91236650b91d6bbdf8ade2cf9186ef9b91d6bc375dd51a7ba6e8db87273d2b86b49dec7ad85a365a987ab4ecf2b36efbdd73cd626ab75e5272bc63a915abaaceaedf283f283ce2a2f077846ebe20f8bedeca2566b7570663d80eb594a56d4eeb5f447aafecede034f0bf851b5aba8d06a1a903b33d513b577503b4922ed219b3de9ba888b4e821b5855560b7411a81e829ba74de65d2ed5e18707debc6c44dca47ab420944ed3c39199a48d42fcc3ef11dabb1d3ed77cd8fe0ce2b94f09db3899646c803a915dce9eb1c2119b715619e3ad71df53adec6969fa6878beefaf18ef5c5fc7d91741f8777d322a8665f2d57fbcc78af40d32fa3bbb112c6a6351c61c618d78cfed87e338f4cf0969d67bb125edf4402f76e79ada31bc9231726a2d9f8bbff00051bbe5d5ff6b0d72d2362d259c3147238e7042f4fd4d783dac6d0eab6aacbf7a40063ef726bd6bf6b6f11af893f68cf1a5e411b35c4da9ba6e1cee038005733f0d3e1addeafab2ea77d134505a82d1a30fbefeff4afd7a8ca14b0f1e6ec7e475a33ab8a928773e89ff827ef8bae7c3faff8bb43326e81105c2ff7633e95ef1e28f18b6a5e1cbd87ed0cccb119177740457867ecdbe163e12b8d735097f7325dc3f33ff7f26ba6d53c4325cda48636f97cb743fed715f99e694633c539c763f56c9652a7848d39ee5ad57c687c4de19b586e1999a352aaca7040ae9be0a78da31ab69763a949ba48c34105c16f98a31fb8ded5e59a2dc1834585befb678523ad5b8f556b48fed4bfb992de457561db07b572fb156d0ee759b7a9d478c74cbaf86fe2a9a7b68d8c3a2ea63cc44ea2063bc303edcd7d35f187c9f16fc16d1fc41613624b1911e42464e0e0d78c693a8dafc55f0edede1f2fed3e488ee109c349c70f5d37c14f1eb78e7e0f78b3c32c7f7f6d6acf003fde41dbf2ae7c426ed234a292479c7ed45e1f0bf17f48d52361e4ea36eab2f638edfcebaef13f9ba77c3a5b7da58496aac149cf03ff00ad583f178bf893c31e1dbd991837d9a201bdc6335d1ebec752b7d2ede46dbe72fd9c13d395e2ba6f75139f96d7b1ca6876716b7e2ff0678b52102eade55d36e1c1f99a339519fcc5790fc7df04cda1fc57d52e0c7e5ac57676fa63ae7f5af5ef81f78ba889b4898e1ad6e8c907fd7446cedfd2a1fdaa3417bef1c5f44b0aaa4e8922b01c92eb9af470b5396a58f37134b9e09aee64fc55f07bf8f3c57f0f75a46cc2f6e1989efb6319fe55e5faed9437569a8fca59ae1dee0b30f9972c703f2af66f0a6b919f8191eab72544fe108e48044dd1cb6579fe75e571d82dde99abdc0915becc163280fdedc370fd2bbb0f55dcf3b1146f1f33c8fc67a1c9a87c1ebf9bcb2a8b7200507b0ef581f0dbc3a2e6c21b88fe568577118f4f7af4dd634761f07ef230acbe6b9600f43c565fecfde15ff84834f9ece45f2a468dfcb38eb5ed43156a4cf22781bd6474de06d0daf75ab5bc099f9823647506beaed0fe1ec3aae8f043711f1b0007d0d785fc16f0cffc2453de58c7b96f2d2069026396dbcf15f677c11f06c7e27f0d69b2cc985bab753bbd187515f259a625b9247d86538750a6db3cdbc3fe126f09ea91da4dbbecf31c2366bec5fd9bb52967d223b797968976924f51d8d78d78f3e0fdc3ee8d0e268fe6b67fe12473835e8bfb34f8a5241b64fddddda9f26ea1cf2a7b1fa5789297bd767a55a2a50d0fadbc250add5aac7b72428e4f7adb8f47f2c92172bfdd3daa87c3a092dba9dc1be5c820576d6ba5c8ff0036d56561dabd2a6af1d0f0aacb959cf58787d651e622ed62771535b5671346aadb981ce300d5f8ec5502b2a85c7f0d1f638c3fa77c66b651b187b44cd6d3266da173b9b3ce5735b56f3ed89bcd550bec3a560e9ae215ddf36ece38ad6b487ed12efdff00787dd26baa1b1e7d68ea6a4219880bb4a30c82474ab301c673b473d7d6a18b6c69b576b63a0069eb171f32f239e0d6d138a7611e20bb8aee5dc7e6cd4577702142bf7876f6a9279711ee2bbbdb3552e0654337cbeb9a993ea5c5743e7eff008289fc71ff00852ffb3a6b5771bedbcb884c36e3fda61815f8abad4b2dd683ab6ad7fb5aeee2277673d73dabef4ff82ccfc723e2bf1a69be0bb09f743663ed379b7f415f04fc438a51f0d3546fb8adb634c7539eb8ae0c3cb9ea1f59468ba786bb453fd9975574f175a4726ddfb17f166e6bdfb5b247c45b3591547db216b7273d783ffd6af9b7f677be175afd8dc46accd1caa188ee0715f477c46945bf8b3c3379f3468b3a93fed6401cd736651b553bb2f9374eec72e9917f69b69f2c9fbc906e423d8d77d35d4cbe19b36918acf0111647f18ed9ae0f5cb3fb2f8a1a65f93c9270c5b38079aea2c7579351f0bbab6d768c9395ea2be6f18ae8f6b0e926775f0dbc62fadfc446859b73471460fd057a878bf4896d7c651f882ce631496761288c872312819538e95f3c7c1cd6d62f8a370de66df36d5193dce4d7d01a6f88166d4adedae3e6de36b86ee08f4ae2c3d474e49f50c6528cb75a17bf622ff82c559f8935887c2ff10636b1d7a3b9fb335c22fc8c73806bf4574ad47fb56ce3ba86486e2de640eaea319cf4afc1efdb6be10d8fc27f1d5c6a1a416b3b9ba517304abc156ce7ad7dedff0004e4ff008297e9fe21f87fa4787fc63335b5e4512422e587c8d8007cc7debf47cb71f19d34a4cfce738c9dc1f3d25a1f7b0ff56c73dfa5023c2f3ce0fe75534ad56d75cb55b8b29a3b8b799770746ca9ab6ce07e7c7bd7b1e87cc0a573bbb1f5a608b7af5fad2b1de8dda95b72a8dbf955216b618547ddf9b0bcd319bf799fba7b0f5a95ce17e6fd05333b0723af4f6a394a8916373727e5ecbe94dd8d1cc07de503bfad48f1ab1cf3b876feed1c98dba7b367ad4ec515e48487fbdb7e6cd46b1125893dfad4fe5ee0dbbae33d698e372b28fbc4f5f5a00afb54060b9db9e0d35c6c9f6af7e4d589136edc7e38e86a171997e6f94f6a5d408a45c46c3f8aa3780f97c6e2d8ee6a67051bd8d44c8dbfab15f6a6522174f2c2e7e563c71dea3739f948e2a69be623f1a8dc60e1b72fd45032bca37372df4155e58377dd18e720d5a92112739c9ea05439221e73598ca970989b81dbad40632493f955864601b77cdb7b8a8a46007b0f4a00a924384c631ce69b28dcbfd3d6ac4cbba3dca48c9e41aaf22150bcfe38a0352b98f19faf4a8263f3fdde9e9daad93f37f7b75413825beee3d306a1ee4ea55953393f32fe155e54da3a1271cfb55b75627ef7cbf4a8668c8247f1119073485768aae32c393d38350cadb507cbce6ac142a385e3b0a86546639caafb5056e7b244fe66d56f4a24f9038e841ed446fb27dbc74fca93681f78f39ddf515e810209582f39e4641a5595658c31eaa69482c01dcbc0e78a620c46dd0f7e2801586c2147393926915b231f7727f3a48e423f887e54d7f9c29e1b1d89e86800cb348547cb4d9cfca3a639ed419b69f9b839e08ed51c8d94ff00969cf353201a4c823edcfad5761801942f1d73daa49099036e62aa3a0155e625136138ef91e959c86d588e46631b7dc3ce4566dc4b8824f9771071f4ab57442c38e47a1f5acbbd959a3c03b73cfd28d90e253bd958c59fbabed5cbebf75b432aeedcbce4d6d6a375b13693f32f5ae47c4f7bbe3e24f933ce3ad65266891ccf8a6fbc985a490f4cf6af1bf899e2568e0fddb77ebed5e81e3dd53ecf0c8bba4dbf98af0ff885acfcccacdeb8f4c561525647661e9dd9e6bf107596b991b96ea727d6bcfeea4c92dce6ba3f155e97bb719ddcf502b95d42e76a139fc3d2b8f56ee7b546364636b573b51db76063915eddf01fc20be11f007dba51fe99a8fef33fdd07a578ef85f427f1a78cf4fd3d1772ccf994e3a2af35f456b134767125bc2311c0a2350071c571e26a5b43ab0f0bc8cdbbb82f2aaeee17dab4349849b98f681d78ac5e6e25ddfc3fcaba4d0204c2b658b0af2652d4f5a31b1dff008561fdde075ef5d7d9205daa57eed719a15eadaa4659b1fdee7ad6f4de228ed61dcbf31f5cd6716b714af7d0ddbbd456d6df9c2a8c9e6be33fdaff00e2f7fc247f16341d3d55a48f4ff3ae9803fdc538af71f8d1f1b21f0b6837336f51e5c6d819e738af81ac3e244be2af895afeb1217b86b5d26e56243dddc10a2bd0c0c54aa293d8c2b5e349f99f26f84bc12ff117e2e6a51b306bad42f26bcb893f86d61de7f326bdc23f863041a04cb047b6c63c2ef3f7a53dff000ab5f003f67f6f0ad9f9333799abea99bad5261cec5272908f41eb5b5fb4378aa3f05e81068b60d1ade5ce43ede912f4e2bddc76652af53d9537a1e3e5d94c68d2f6b516a725a76a49f669e18b708d8843db81443035cdb4b0c43ef1da0e7a7ad606897b2de5e476ba7c724f23288a3c1dc5dfb9af5cf0e7c2c9b47f0fc76b7092b6a1723cdb923fe58afa7e3d2bcac44e30f88f630d0753638d93448f40d26de699b733ae113b01eb58eb637171e1c9aea6da63b896411fb051ff00d7aeebc6fe12b810f9be58daa36a267e545ae07c4fadf99a0adac2d1ec8f2a361f9464f24567464a6f436ad070437e167c48ff008467c476e36c8cb7518b690eef948cfa57b1fc26b88fc2df1aad678dff00d1b54061950fdd39e2be6ab6b1905eb2c3b8b5bb09508af6af07ebadaef85adef9648e1bdb395096c721948a3190b2d03032e6567b9dd789f4869bc1725ac8c049a66a33c207fb1e6657f435d17c60d2e4f0ef86347bd118f2614b79998753f305feb5af0786175d82f2e19362ea189c6573f315193f8915bff127455d5fe13d95bc91b49235a796c49e0046073fa579b4eb6a933b2a53b1f2e783b586f06fc73be855998adf1bc8c1e9b58eefeb5ed3fb4ce86359f13417d0fcab7da6a4c80f664c83fa1af02f125a4d07c70d22fb2a5a684a4ebdb2323fa0afa47c41790f8a3c23a2c922ee6b5b29a004f1b98e075fc6bd4ad2709a923869439a3ca794de783fed7f00fc651ab6d69ed639063d770af3dd5d574ef09ea0d1c48ad78138c725828506bd1bc2fadcf71e0df881692ab0fb0daa845238c061fd2b83d560fed15b08154849b631c0f539aeaa351db5f539ead18dc9be32f841745f835a4c5128059017e3a92075ae47e02e89fd83acd848dcc6d2ed7f606bdd3e3e685f68f877a6a3dbf9614827dc019af33f879e1f9ae7c3ed343feb0832a0c74c1e2b58e21fb37a93f555ede36ec7a7f8374e5f047c73d3268a38d63bf3e4bf1d54f1fd6bedff00d9afe1ec67c1d6b0aaee6b4b99a1fa839615f14d85b9f16691a26a51b6cbcb37d9231eb9078afbc3f64cd4967f0dc578bba456bc5381d33b30dfad78588aca53d4f5aa5270a7ee9d7eb7f0da2bad124122ff00ab3c8ee2bca64d15bc0de34fb5c1b19b1e5dc281feb14f20fd457d7a7c396bad5abfc8b1cd30cf1d2bc77c77f0ea1d175c65b981b64ac4875192a6b9eb474b9cf86abab523d53f677d54eb3e1f52cbb842d8e0f3b7ad7bd691a71ba811a26511ede057cdff00b30ddb7867c57268b70cb2433c5f69b7931f7973820fd2bea0d2ac5160063fbb8cf079fcabd4c02bc4f13326e3233eee0419464dbce063bd539ec96d5fe6e9d8d6ddfa653e6db205f518615425b372ff00bddbf30c8aee944f3e3229a7ee8fbe38c0ad2d2e2f3645627e63c66aaaa35b10db54ae48cfa558b06dccc44782dd0e7a5484b557362de607e5da3729c0e7ad4cccbb49ee3f5a86d2d5a28fe7c6e53907d6959fcb5f99bef1e00ad4e4b6a31f748dc1f7ae6fe2bf8bbfe110f085e5e37fcb289987e55d23a7929e631e3923dc57cebfb66fc469a4f07cb67032c6aca4c873d857262eaf253677e030fed2b247e5bfed47e2897c69f19f56be9a46792eaed6204f61806bcc3f6842da1fc3db8b753b19616b85c0eb815d9eb93378b7c72b2aed2bf689e42feb86c0fd2b89f8fd39d464d52c8b090a58ec543d549ce0d72e05fef11f5b8e8f2d3691cbfecad17dab49d2ef572ad79860a474c9cd7d2bf15ad6193c35a35c4cacb345285423a1c63b57cfff00b2c691e568b67671b6d9acdc03ce70057d1bf1a74f5b6f00e9b3f2db195980e723d6b9f3495eb1596ab51464ea3e66a1e25d48677490451b03d8822b53e196aca976b0a9124731db26e1d33c570e9e305b2f8b0b68ccc16e6c937fbe4715d05a3ae8f79235a9f2da37ced3df06bc7c447b9eb5169ec68f82dd7c31f139639b2ec8e6d863b61b8fe75f40c2e60f17d9b6df3371c1cf6af9dfc74e6d3c5f69a9a7fa9bfd971148bd0b7461fa57b52f8876c3a6df3370c57e61d06460d78f276773a2ac7995cf1bff00828378aa3f105f2aac7b92de1f2c8279c8ac7fd963476f156876eacc5554aa73d39e2a97ed15e16bcd5bc4d7f148cccecfba33fde53cd7adfec67f0efcdd363b578dbcd9a450100c6dc77fc2bd6a38ab414627357c3c143999edbf05be2d78d3e186a9f65f0eebd35c4964c53fb2ef0ee8a4f501ba8afacbf66dfdb9347f8c97f2687acdab681e26b52166b590e55fdd5bb835f3b78c7e0f3f852dadee34a2b36a008691ff0088faf351d9784f46f8913dbff6e4135adf5a3622d4ec5cc1756ac3dd71903d0d7d065b99d484b927b1f19996574aa45d482b1fa12ca1d72b8c7f3a423b67dabe5bf067c45f88df01eda0babfb84f889e0f50375cdaa6dd42d63fef32f46c77c0cf15f42fc3af891a37c56f0ec3aae8d771dddbc8a3201f9a33dc30ea0d7d742a29ea8f8ba942507666eff07af7e2915768e9f7a964c0e871823a5295da3ef77c7e15a19dc64b19276faf7a6ecdadeca714f7dab20f6eb4d23729e7a1e7de8b5c1488e5879ebd73f953254f2dc775c75a90fcedb79dd838e291d782bbbe5c71c54f29440d132b2775edcd46f1b34bce38eb5332ee42bd9738a62366025be623826a40831b92a3da0349ec2a62984cf466e83d2a329c96fcfde80209d446b93f2eee98a89a22a7049dc79073d2a671b0f3f32ff2a698b71ebdfbd0544aec9b11ff00bd9fcea068b09fed03eb565c6f56ff007b1f8547246a391d3bfb566515e48b2add8f7e7ad579d142fdd5e9ce2acc88cd504bd31b467d6826e559154fcadd3355cafef4ff0077b55b68f703f91cd40f0ed666cd03b94e4018671eb509f9f6fcbf8e7a55a75c1fbbf2f415148995186dbd78f5a9684fb159ce5f6f71dfd6abdd0f2540edfcaad6d58f8ff26a1950303fc8d488ab20e46d63f377aaf3e360ddcf3dead4c76ae70bbba5432c2ac071c5038b3d7118491370cbcd0482db7af1d69a62658bafcdde9236c80a53f1af4091c3747c0da78fce809b861be5e3b52c7cc6ddb6feb5192be61edc679ef4011b990b86cab6de3914e93e62cdc7e7d29cedb61e7f8ba7b5445d40dbceeed59ec046ad86da3a7a6691a4dff2afe34391149f771f5a895ce7eeb2f7cfad4b6038b2b73b7953c9cd53b99486620fd33daa791f60dccbf29aa37afb20f76382a3d296eca7ab21be99b781b94af53593aadcb7ddfbcbfde1daaf4d2051c7cd8f5ac9d59f606db91c7e74e435a193adde1f27e504fa9ae17c517e186ef9b6fd2ba8d7af762b7dee0738ae07c577fb0b755c74358971385f8857cce8fb5b3c57827c43bff326da5b6f3c73d2bd7be206a9b2390eeea0f26bc1bc6b79f69ba6efdce6b96b3d2c7a9858df538dd5a46695f963d79ae675963950b9f9ab7b5a93865538ae635273248b1aee3239c263b573c5e87a91573d27f66af0c6d5d435c9863fe5de1cf6f535daea775966e703eb5178674bff008443c05a7e9ebf782799213dcb7354ef6eb73f50de99af1f113bc8f570b4f426b3bb57b823a63a63bd74ba75c79415bcbf9460e735c959bec9031db9639ad88b53f2c37f8d71c9dcecd8ea5fc42204cab2fd09acaf12fc445d3f4f77cfcc17fbd5c9f883c58b611b7cdd8922bc97c79f12a7b98e48c316ebc0f4a8e56de86b08a7ab39bfda13e2c5d78a2492d9643e493f3107b579efc2bd024b6b0d5efa345dd2110283f7b24f26a6d467ff00848f52fb2c61b321c33f65ff00ebd74d6b047e1bd2ba88d460b9f403bfd6bb53e48d9072294b9ba147c69e26b7f837f0f2e6e837997d79955607e627d6be69f883e379af85b5edc43335c5e928847271eb5abfb4b7c543af788952393e5b3e12307e5c7afd6adfecebf0aae3f688d734db89a6963d3f4b73f68046030ea00af4a8d3850a5edaa1e4622b4b115bd8d33db3f634f834d2697ff0946a16a5980d963132e003ddcfad7d01a478663bfb4bebc9a15f22d8179e4c7df3d905765f0afe1636ab1d9dac71a5869b6712eecfcab1a0f5f735c5fedbff001e74bf83bf0fa4d27435b796fa5062b7191b6473c173eb8af8da98aa98ac4f2c7b9f494a30c3d3499f297ed2bf139efbc449e1fb06549e43ba6119e214ec0d79addd9242f1dae76f97c63fbdef5a3f0dbc3afac6ab7daa5cdc7db2eae1cf9f285e1d8f500fa0a6eb36cb17885e155f954125cf6f6afaca318d34a11dfa9e35694ea3e67b189653fd9b5f996362cad8523d05763f0fe636d6925bbb6d495d987a923079ae56ca01a7eb48e325ae0e09c5776ba0adafd926dbe59597240fe25229e2a578ea185834ee7d37e14bf79be1f69f32e763461777f85763e33d2dee3e1be832463e6db3c24e38e403cd705f0ad9f53f8290c7d56091d073dc1e2bd52f5fed1f0d74951fbb4b69ff00787af5435f31cd6a96f33d8ab1b4533e0df185db43fb431b255ff551e0e7a2e473fcebdf3c3ebbfe105c4723169ecdda4888ec38af13d4a3ff008487c7bab6b0551649af1e35c75001c607e55eade1f59adb4a7b5f33e59e274e4fde256be8eb2bc627934d34d98fa2d8fdb345d7cc6c556fa30aec47dec9ac0f0c688da9f8b6d6165f94306dd8e36af15dfb786c787be1be8a8d305bcb851e6c2dd41ed9a8fe03e80baefc49819be586d59f79278dabd7f5a9f6968368dbd9a6cd5fdb33cb8bc09a4b5a868da11e5907a1caf5ac4f809f0fd61d136ce773259073c7049e6aefed4bafc3f11b548ecac98797090aa074277002bd3fe1cf801ad3c397d70bfeae18d2039fbb9039ae5a95ad4ac7551a6bda731e59e1fd2ce97ae5f5aa8fdcb112463b035f6cfec210799e0d58d8379733171ecc3835f1af8be3934df10c2d17cb1bc800c7d6bed9fd85ad16f7c0d7ad1b309b4f99a68f1fc4a4735e74a57699d9888a54cfa3ed6796d115235f90f193daa6d4f40b6f1942cb751fcf1f423d6a3b5d521bcb186466f9994065c72315a9a2cb1ac1be5cac67a0c7cce6ba632ba3c1e557b9c8e93e186f0ddc4f7d0ffc7c68acb72a00eb167e75fa15cd7d33a0fd9ef74b86e2355513206dca783902b80f07784a3bf8eea49a15dd7a363023a26318ae9be0ef99a3e9d75a34acccda549e5c65bab46795ff000af572f8f2efb33c6cd24a6b4e8749770b40833b645e9d2b22e638ddbe63b5fd49e95d195f36518fbabc9354f50b38de666658fdabd2a913c6a553a339c9768dacccad18eb8abba6858d432b6549e0536e34e59272ab12ae3b56a69f62a15701578e062b18c75b1d3524944914c8e71f77dfda885021c28676ce32d562411b47f331dd9c6076a72bb3e04718603b9ef5d0a3a6a7073991e22cdae9d348edf32ae073c0af893f6c1d5e69fc31792799b4bb1897079e6bed3f88a7caf0fdc49f79d531b73c0af82bf6b5bf5bcb7861ddcac8d21553e95e0e6d5395d8face1ea7cdef1f0ff84f4d3a55dc8926edde7caac48e9c935e5ff1e02c7ac4d7c8de62dc28b7cfd39af728da1bdfed109b7cc5f35c9f4c835f3a78ac4cfe0ddb72dba68ee5df19e83b5465b3729dcf73328fbacd1fd996e574ff0018cd1b3b6d988623dcf15f58fc52b3593e1d5aca99631c6a3691c1af90fe0a5a4b3fc408ee2dd82eed990461457d7be3027fe15c431b4bb9caef23b03d3159668d7b5272d8bf62ae7cd7e379ee23f8856b71bbcb91a1038f6aef356f13f91add846db55aea059037a9e86b92d4a54bfd5d6f24460b66de5b923a13d2aa4f7326bfe1bd42e0396bbd1a5334600e91fa563529a946e77425c8ee7b7e89a6c3e2ad12ff00499a46dfa3c8b3db91d91c671f8115d3f83676bef065d69b3b6e974f901424f2ca7915e53e00f19493d969bad439656885b5da81d47627f5aed1f56ff847e55d43e7682df10ddedebe51fbaff857cde2a0e33b1eb534a513bcb9f04da789628ef2f235f3618c658f53815ef9fb20fc3686c749b8d4a458fed133ecb7403a2fad78af866f57c476d6914332b4570408d81c820f635f5efc27f0d4767e19b45863f2cdbc796c75ce2ba32fa7cd23c9ccab384794e90786649930de5ab30e7e5af28d7b48ff008443c7718da5a3bc932e00e87d6bde3411e6c46467f9987dd61c8ae3f55f0e36ade35b8db1ac91c91e4330fb8d5ef54a56b347834aa5f4657bbdda7f85aea6d32f2e34f926b7701d1b853b4f38e95f96ff00047fe0a5ff0011bf654fda47594b8d51757d07fb5da0ba8a45dbf296fbfc715f73fed8ff001d6dfe007c0dd7666b88e3bfb88cdac519383e61e0115f8b7aeeadab5a4f7934978f3497d399a549943725b3debeaf228ceac5b91f3b9cc69c2cd6ecfe9b7e00fed0fa3fc78f09dbea5632c0cf222b3ac6e1b1900e2bd04fc87f8b9f4afe6dbf65dfdbafc6ff00b2f78c6d2fb4bbcb9fb2ee5135b073e4c807518e95fb5dfb117fc14b7c0bfb53e8f6b603528b4ef1249182f633b85321e39427ad7b3529b8bb9f33cbd8fa714f98b918cfbd4676a7d1bf5a7a9ca8f9b9f5f5a7638acc5b3200ff0036dc7cb48f1f949f330a9645c0f4e6a37854affbdd7da82c84b289b6b0cab743d8d32675f2fe6fd2ad98f200ec38c62abb0310dadf7738fa54c80aefcc7d3b633dea390963b473c72454ef16c271f33039c8a8589cb7cbf7fa0152044c4630176d36550dc29c354a465ba76cd46dbb77e353b0103c78dc3dfa7ad424647dddb93561ce1ffcf14d9176b2ee385a566544a9326e93e5385e9504cd823f88f4c7ad5a68f21bfbbfcea1907eeb701f77a1ef4acc24536631a6d39073939a8a4dcdf7768f5abb29dccdf8679aacdc8e8c6824a9227cf8f9881d4d576407f3ea6ae4f164e00e179aaec709f8e282cace37061c7e151489b8e38e7a8ef5665f91973514a324d4c89b14e68550e7fba715198d58fddab122b2a54538f2df3b739a911ea324ace1a4c75ed40666887defca81212fcfcc84fcbb7bd3776def8f419af40102157e8707bf34d75dac32dc74fa5399d7674cff003a6492021be61f2f38f6a006b8f3216fe2da78c531e6c9f9d5b3eb4a93aca9d76ff4a6f9c37b2b31c63822a6403438b918e46de735598bc92e54fcabc60d4f9dff00286fcaab37c8ecdf7547159c8366344acead9fbd8aa37b2a93b55572a33c5589a67c9600153d2a85c30da6456ce4f23b8aa452dee54ba937a0fe123b0158faa5d1e7e6db81d2af5ec8c8198b70c78e2b0f5db9440c796edcf6ace6ca307c41712056dcd95fe75e73e32b91f676f9c893b826bb4d76e1b27e6e09e306bccfc7b77e5bb2f218e7241ac99b415cf35f889a9b471b0c7cb8eb5e2fe2897cdb863bbf0cd7a67c45d41b63aeef940eb5e45ae481a466e723920d715577763d8c2c6cb539fd624655fef0efc52fc35f0f2f8afc6b0ab2ee5b7c48463dea0d4ef063d01aef7f66fd296cf4ad4756901632b18e3623b0ae7a9a23ba9eace9fc4ef998f2783818ec2b06ea7591b1f855dd56efed13b3963f2f515913cd8cb01d7a1c578d53567af46f6d096393ecd2a966c8ec0f6a86fb567898956c60e7ad53b8bd653b8f09dab175cd6fcbb776c96c76acb96e74997e3ef104d22f971fccd31e315e63e32d4574f8dade293748c3f7871c8aeb7c47ac496767bd789ee0600ef18ae1356b56910eefe2ef8e49ad69c6db94f6d077c35b4fb45e3dd37eed6d465411c31ac0f8d9e266f0e786ae24690ac9365bad761a2c4ba6e8ad1871993963e82bc5bf684d6a3d5618e19a5f336924c69dc7bd74d0a7ed2b7918e2aa3a587d373ccbe14f82dfe2d78e1e6bc0cd0f9837851f7867d6bf47ff00644f843a5f86bc3f30b7d3638523e63423995bfad7ccdfb037c2b6f1d6b371a93d9f93a6d97cb18031e6b0ebf857de5e09b9b5f0de8f71308d57eceb88d476278c67d6bc9e24cc1b97b0a6f436c97096a7ed65bb327f69af89d6bf0bfc149a7d832096655331dd8696423a1fa7a57e7cfc6ef116a1e36d66e249944f7d23adbdaa81bb633900607e39fc2be81fdaa3c4173e25f1235bc64b4500396270379ea7f0af2fd074dd37c19a6dd6b57534779ac2a98ed53f82df8e5cfbfa7a573e5318d387b47bb3d0c5536e3ca64de69365e18787c3ba52a96d2edd7ed732f57988cb67f1ae3e7b18e0b866746323e79ebcd74ff09f489afbc2fa96a336e32dedc96321fe3e6a5f13681f649ed59d48c90a4e3ae6bd58d75cde6733a0dc135b1e77e35b493481a7dd43bf6e7e727a0af58b2b45d460d3437ef164b4f333ee0d73fe27d01574861328f2db28037635d97c3bff004d3a644e8182c4d0703d853c4564e3743c3d192a967b1ea1f01e7697c0faac0aa7cb827200ec3815ea5e1dbe43f0cb50f3c6f7b6649907bf205711f0974c874cf0d6af19ddfe9043023b1c5767e15985d7c32d7216fbdfbb5181c80324d7cec657a973bb1114a363e4d1a249a6e96c3cb08c2769242472accc4ff5aeaac633a86b96f1c795fb3a479c1fbce4ff00f5eb3fe21dab697ab5c429209955ccb2b83f79bd2ba4f817e156d47c2f2788ae5b6aed6ebd38e87f4afa894d7b3bb3c751f7ec6f7c4258b52bb8e69163096c30001d3031597f0aee3fe11df0b6b1ad2a6d5ba678a127f2c8a87c55a97fc245e09821d397ccba8e4f2dc8eae58e39a8fc749ff08b5b691e1f8e4566b7895e60a78dd8efef9ac62f4e5378ad6e67687670eb1e33b189959d99c31da39e0e6be97d56fecb43f06c7a3eedb25d0f3ae1d5be6c9e80d791fc02f00db8d52e356d5ae561b7b34dece78e4ff08aea352f15d978af5c68742b29a48514ee9db2777a62b871525cd6477d0a77dce07e30f88ecb4df114367672f98e88a3e51ce49afab7f622f1eb7857c2108f2646903b432a9cfef11864578c7c37f8112eb3aac97d796f1c93b1180c3ee8afa73e136970f824246d6b0ed8ca9c91f7874fe78ae4954d9237c45bd9d8f6cf0e4da8ead64d3456e2de3dd90a39241ee6bd03c37a187844b20666c70c6a9fc35963d574e8a40b1aee182179c8ed5d8c5a5cd6a30acbe5af518e6bd6c3d3bab9f2d8aad67ca69f85a22d6edb7e591719cf7aafa8dd49a0fc47b4b88f88afa2f265cf4c8231f8f3567448435e023ccfc299f10f4d6bcd323b85f95ed6512e7dabd5a7f09e056d64ee7608dc107b8e47ad55b88d6e245127cab8a48af84d611b7de6640c08ef9a413aec607afd3a577395d23ce50d58dfb12eedcacdd05695bd9c6a89963f4cd528f6e00ffeb54eb3345fdd41d8f5a29d89aadbd09a73e416f2fe6e71cf6aaf35fcd18fbbbbe944939923ddb4939e0934df31d9b76d07de9ca44c63a6a72fe3dd441d1a5595192371935f01fed557c9fdb7bb9f2fe60481f5afbf3e205cb49a7346a03330c6df5af873f6dc817c331c370d1aaab061cf00935f2d9c377b9f75c3714958f8d2198db6a174d1fce248a40491d7ae2be77f897a8cd34d6b03058da4b921b03b019afa6aebc1d258fc3bb5d49b2936a2d360e7230a4e057ccff112292caefed5247e6a79985c73b3deb4cb6dcc7a59a26d68779f01b488648a3bedecbb250b91dcfa1af5cd2bc7adaff8975bd06708cd676f1cd10efcd79cfc10d3e08bc2fa4dbee6dda85d1907079229be2fd5a4f097c7bfb421d8d7118b674ce3385e2a7151e7a8d861ed1a6916f5e5b7b4d4751b199554cca1ff00106b8dbad4a4f0a6b91c4a563b5d4a1f25b70fbe3915abe2cd63fb4b557b953b5d7ef73d47a5727f17a19751f055aea0aea3c99f6211d41eb53420dab32aa496e74bf04fc54da3f8b759d06e5b6daec0620dea7a7e95edfe16bf49f4f8d64612aca3ecd3f1c1523a1fa1af937c47a95c6a1a2dbebfa7b18eead311dce3a92a057b27c1bf8ad6fa8ad8de49205b3d4d009431ff0055274fe75c79960db5cd13b3038856e5677fe0ef1cde7c1cf1d269fbd2e34d8e70ff003f3b01f7f6afd24fd9e3c736de32f02c33da5c4731e082bceec8e86bf3a3c75e164be823be48d629231fbd6cf0c3b37b822bdabf637d2bc4d6ef24de11d623b5d4ec86f7d2eec96b6bd43c828dd8f6af37035146a0669878ce1747df88592d72555770c74ac113241f6eba2caab6f9527d315ccf87ff00689963b2fb1f8a341d4341bed856498c7e65ae7d438af3dfdb4bf68bd2fe087ecbbe24d6ac6ea1beb99addd6d9217dccee460607d6bea22d4e4a28f91e59453ba3f323fe0a7dfb55b7c69f8efa9785ada68a5d3f42b96793cb63c918033f8d7cc526af75fdacb7137ef2d5be56571f2935a5f0e3c09aef8afc43a9ebdab5b4d049a9334f7125c2e33b8e7155bc737b69a65c8b38e4f3b69c965e9f957dd65f461082844f90ccaad49c9cea7c8d2d525b4d2becab1ac9be6f9ddb259107bfa55bf0578ceeb40d421d574dd4ae348d52c650f0cd04840383fa57263c477125b6d92365b570001d738f5aa5631c8b7924cb958768039f949ed5eb7b2bee78d2ab6563f5f7fe097fff000574f126b9e28d33c13e3aba875ab7d46510da6a0c489a363fc2c475afd5286559e0575c90e32306bf9f1ff82227c16bcf8cbfb675aea042c9a4785e2fb4cdb73b4484fcbed9afd92fdb0ff6cbd2bf625f07e97af6ae9f68b3bab9581e20df3e0f195fa579f8aa2a352d134a33e68dd9ef990fbb8e9ce09a6bafee8b77ef5e5bfb2efed9fe03fdae7c35f6ff0009eb10dc5cc207da2cd9b6cd013ea3a91ef5ea8cbbd33d09ea0f6ae5945a7666d1911c89b154a9eb4c9c6080177647e1529ebb57f5a6b0dcb85f97279ace4515fcbc2ed24af39c8a85be67f9bf03e95624395f986e5ec6a340d247cac78a90219530f8c9e98a8fca05783cfd6a4e1837ccdc74f7a8d540dcdd5a8022f2d8c9fece327daa270197e6cb006ac32e01e8be8077a85909076f4ef4151216e571c85c74a8a75c0f98fb0a9dc175f75351c8371e2802aca8a1fef29cfa8aad227cdbb3f80ab723671b867e950b8046d507e99eb53ca5151f24608f97d6ab30de19b0383d2ae3a90996f5e40aaf28c83b7a6393e9520557504fdd5ce3a546f1e53f026a66e067f0e94d98284dbedc50296c5458cb22edc8c1ea6a29405fbd9fc2ac38cfde3b7031cf735093f37cdf37b01d2b320f4a41f730b86ef8a6b2f9adcff05282c9d7ea7da8fbee71d76f5cf04d7a00359b217f879a499c2e3e5e1bbfad1b9844a76866351be362fca4eda008c47e5f068c050fd739a702c4eec0607f3151bb2ecfbaa39e7d6b3010282dd39f5a825936ff00b433d3d4d4af82df2b1fa66a09e5259bfa0ed40e5b95eea6e808ea6b3ee9800d8fa63d6ad5cb195b6e5411e959b747747cedebc1cf20505228dfcdf2fcbf2f3cd737aecbfba3fed751eb5b97b28f2d977315cf5f4ae675d919164f7e86b2902dce6b5d72549538603815e5be3bbbc799bbef639c8af47f11ca442c5bd3826bc8fc79784bc9c91ce3158d476475d289e55f11eedbe61b80ebc638af2cd566f3199b2ac7a1cf7aeffc7f76048fb998f5fa579deaf37984f1d4f35c1277773daa31f74c0d6a4550eaa14f1c57b37842c5743f871a6c21563dd1ef61ee6bc6d2c06a3ae59dac78dd3c807eb5ed9e2b716d1436fb954428aa100ed8ae5c448eea31d4c19a6dfe633f563c55191da44dd93b476cd3a4b919c67df3552eaf1d930aaa31d3debcd92d4f4e9ab2286acfbd5987f0f4f4ac2bd55203321f2d06e39ef5af7ab81b777ccfd6b175cba629f678feef724567635e6391d4835eccd330f9989c8f6ed58b7b10cf3f77deba6d57cb82c0a8c6e07b573b7c0cb6eccd8c0e78ad56c691d8a3acc8d6d0dbac5de325abc3be23682b3eb905bdbb6e96f24c3f39c0cf35ee7e2ab7dd6704c876e63db8cd796a69ff00da5f1074c863f98bccabd33deae8d470bb16268a9a499f557c20f0c47f08fe05466d42dbdcdea84802fde9188c57a2c76b79a47842ce2b8668fecb149797593f79b185cd79547e264f16fed41a0f81ecd985be83a7c773719eec71dbf3af4af8d9e2d974df07ebb70aaaa8aab6ea47423d3f5af91c541bad796ecf6a8f2a8251e87cc3f11b5c935dd4da592632095b21476c9e6b97f8a1710c3e1a8adec625dc23fdeb0fefb1c62ab7c5ef17b781f4092487ca371210aa58ff00137a7d2b92f009d43c53aa68f677b3effb74ff0068979fbc0745fa57d0d1a3cb4bda3392b62139fb347bd7813c0a749f84ba6c061fdf39dc71deabfc65f0cad878634d6da16596e235e95eff00e0cf8686fbc3f6ab1a8668a204a74da2b90f8ede1b8e0d234d82486367b990f94d9c818e335e153c6b73b1ea469c79394f3fd27e1f2f8bfc37700dbabede723e955fe1fe82b6af64cabfbd5b82b8fc315ea3f04bc3be55bdd2b37551c7ad66cde135d17c7f6f6adb57cdb9575238e0d69f5872bc45c9152b9a1e0fb6c786a79146d29232b67d41ad6f8677dbb4af1246d931c2b1b907bf06abf8615b4af04ea8d20de23bc9533ff02acff044d245a5f89995d577b46a39ce7dbf5aca9bd4cabc6f13c5bc7a926a16f7d7122f951de4c638d71f3364e2bb8f19447c0bf052d74bb76f29d6d8c922e707681fd49ab1a4f8417c4be365babc09f63b072522c7de61dc8ac8f1e03e38d7e345566592428514ff00cb3078fccd7d0c6b2765d8f2fd9ead99df03ecaeb49f0a5cc9703f78d6c676cf3820e4565f81b4fbef897f12777ef26591b2491d4f6af70f0a7c2c6b7f0dec96131c7711ed766ec0f615f4b7ec8dfb2969be1cd3bfb72ef4d85959711a32fccde86947129c9f29351722d4f18b0fd9b7fb4ad60b299a491146f68509547638fbdeb5ecff000bff0067687c3b670edd3e3ced00c8cbf2ad7bf27842081835be9f6f0e072443f30a99b46c4f993cc44618e9c67d8560e9b72bb27eb8ed6479de89f0c2c74597cb8e156691be67c75ad2d6bc3315bc56ed1c3f296643c74aeeb4ff000f885986c931d4349deabf89b42f3e3914b187e5c8007cac68951489facddd8d3f82ccb6932dac927fae8b29f506bd7f4cb55f2f748d9dc00c578df8013ec5a7dab306dd6f37247a57b069b789a85b23a6d8fd41af4b04af1b1e2e6317cdcc86b46da75f6e5ceddc3f2abde2806e3c21a86075b6723eb8a8f51da6db2072a41cfad4da84cade15ba91beef90c0fe55df056d19e4d4d55c93c1f37da3c29a6c9fdfb743fa55f90b30f957f1c550f0447b7c21a5285ff9609fcab605b9395550db477aeb846f1470ce56932131fef3e55fad4902f39f2f9f534eb58d674f997d8e29cd6eb08f9777cbef5718d8c9d441242ab1339fbde9eb55e60cf17ce36aaf3534f229556663c741ef5435bb87166db5f0d8da09e9cd4d4b245518b6cc29e33a8b5d4db4c9b7e54cf6af867fe0a653ade9d26c633bb74ccd263b015f756b77aba268321ca6d863669188ead5f097ed2117fc25de209350ba567b5b757dc17f87e95f319beca2cfb7e1df8dcdec78d789bc3ccffb2b6977d242121432047f426be3af889e1d934ed1d24752f1cce559cf44cd7dd9f1e2ea393f66df08e836e3cbfb60dea83ef60377af9bbf6a3f85aba1fc249a45db6f349b637527ef03dc57360eaa84ac7b9523cf077307e0f69b3447c236d37cea970ecae3d31c573df1f6face7f1f6b11c6e1b50d367595d09f99530307f9d6efc06d69fc3faaf8674fba90cde491b188e4e41af1bfdadbc56ba17ed1da96a504de4adc3adbdce5725931d2bd7a34dd4a96479388aea9413669f883c4071677507cd0c8b87a97c5f70dff000af2e17968d648e41dc2e6b93b6f12d9df4935bdacbbe1182a1be5dbed5d678562fedff076a22538455030467a74ad254b91ea4aaded23a1c9e91adff65ead258c8db6db518f761ba17071f9f3527803576d3b55bad266ff0053704bc23fba7b8ae5f5ddd78a2246dd2d9b19237f4ff38aae3566bdf2aea16633a7cc09e30e3ad74d4c3a942c72d3c53848fb3fe0df8dae358f0440b712f9d2d88f2a5121c964f7f5e2bd8fe00f8b23f01f8f34abc8ee3c9b1926dab229f9761fe13f8d7c5bf08be25b585edacb1c8a6dee86e6527a9e8c0d7b3783fc7371e03d74add7fa7687a810c158ff00a827a62be331185746b5d6c7d5426b1347951fae5a77886cf51d296e2458e6b79532c1d432b0afce9ff8288ea76bf11be3cd9f87341f2e1d0f4a85aef52488ed8777607b7af15dc43fb60cc7e1a3695a5cd1f9d1c4511a4257231eb5f107ed09f173c477315e585bdac9650de316bcb94f9a7b93d31b87415eee5e9e26a2a71d0f97c65378483ab575f2398f8dff001674fbd2da5e8f3058a125584631bb1ef5e246d21b891e49bfe3ea46c2927b5749a5f84b50f10ea1059e9d67247248c0336d2d230f6ffebd76127c19d1fc0d6b71a878c2f3ec2b08fdd4030d27d4815fa3e1634b0f1e44f53f3fc64eb629f3b56479b7886d7fb3b428d9033bb1d807d6b2756b93a7f8696cc36eba931b141e598f45ad8d77c7ba76a97c3fb256e9ace33859248f696fa035e8dfb107c0593f6b3fdb0bc25e178f44f3ad63ba8ef2fae3711e4428c0e71d393eb5ea46f6e7678f3b29591fac1ff06fafecd727c20fd942e75bd42c5adf58f10dc1925771f3ec1c0af9d7fe0e0cf8f69e24f8f1e19f065bde1f2741b437773121fbaec70a4d7eb25ada697f017e0f5c323476d63a2da339e80615735fce4fed85f1ce6f8e5fb40f8abc45fd9b1df5f6b5a8341685a63b997761401e95c387fde577266f5a3c946dd4fbc3fe0dc9f07dceb7f153c6be265fb4358a451da2c8cc7697079c57ec3a9623fbdfddaf8bff00e08cff00021be027ec55a7dede59a58ea9ac44d7b32a8eedd07f2afac7e1cf8d24f1569623ba023d420e245230187a8ae1c6568baee08d70f4a7ec7999d038dc9b8fd79a8e4ce547f7b93533a64eeea3a63151b005be95cf22d48870b93f377a490aa26e5eadef4f70a5b953c74351bfcc3863f9549657936ed3d47351e3f75b8fde1c5589158751c7426a2c79a76f1f2f3400c60319eb8a8ca6f1efed523ae22ebc9a614c285e8c4d005664f99877a8d930a4e73b8d4c176162dd71d4d46532bfa8a0d08265dc9fc4b55d87cfc8c8eb9ab72ae47cadf81a8658b8f9bf1ff668332a4a36eeed9fbbed5048157b657b9ab138f9f9ebe950cca593b73db1cd4b8f62a2529424870a76e3de98df7b8e9d7352b5ab7a6334cfb3ec3b7f95494c85d14e7206daae572dbbb6315699318dbf8d4255666c74a0ccf4266315c7fb39ea699228ddc71ba90e1be5ee0e01f5a762376c7f12fb57600c2ad22afcdb990f349712b46471956a19b23729fa834c69300a1edd076159ea02104a6dfcf150ce327ee9a903943bb72e7b0cd46cd80adc0dc33cd0046e0c63a7279cfa5579a4d8086e7dea592493cb6dbc8079c5509995676dd91ea08eb400dbc750a0af5efeb5957d3053f2aee156e75f2df767af4e2b3ee66de06d193f4e2a64ec8be867ea2f1a447eef27902b93d76726393fbbc60135d1ea137925bf8719ae4b5c95995bf8bb9c75ace5b0e272fe299f168dfc2715e3bf106e9b6b7e35ea7e30bbd917dd233c106bc5fe21dcec2ea4f7ed58d4d8edc3eacf2af1e5cfda5b96c75ae1f5791638c7257fad759e2cb9025755e39ef5c6eaac5a461b5187f2af3cf669ad077c37856efe2369d95dc036e15ea5e29659b5066fe2c9ce6b81f81967f6bf1acd32ff00cbac4739ed9aecbc4b71bee0e06e3d8d71e2647a140e7ef1f17076fe955e45f2dc31cedf5ab1790284deadcf4eb55e60cd11ca85ee3deb89ec7a11d8a7721959a46fa2d60df8df2bb16f980adcd41d8c254e140e82b02f25681fa6ef726b2d6e6915739ef126e92dcac5cc9df15972e9ad0e96ccdc335696a973f68b96894ed2c796abf6be1c6bdd3db3b8f1c569cc91a256396f1169a174ab1655cb143915e7ff000c74f697e2c59c922fc914e060f6e6bdab55f0f8b6f0f86dc0345f98af358f3e17f1858dc2421566b8c330ea6b9b99b6d1d918ab26ceaff67cd4e6bfff008286f8ca79a36db1e9d1c70b9fe2001e95e9dfb41b4d6bf099ade50cb26a37e15707b715c0782eec687fb46da6b4c17c9d5edc5ac641da4b0eb5d57ed71e20360be1a81558fdb2eca633c2f1d6bcdad173ad1f434a32e58ea7c83fb446a30de78f74fd3245332239774519e474aed7f666f09c9e26f8a3a795b5902a911c48476ef5c078bef21d47e2e5e5c46cf88dd977639e0e2bea9ff826ff00c3f5f12fc4dbbd6e6cb41a4db9902b7f0b63ad7b3985454f096f23cfc3c5cb10e6cfa17c517117807c17a8de3334280476e00ea5875af33f8d57b6e8fe0eb49236799f4f37383e84f15e8ff1e6dc5c7832c6d241cdf5df9b21fa9c8af22fdac2ee3d37e23e931c7f7acec6ded71fdc046efd78af8da31bc8f7a9bee75df072d92cfc51147263cb908507b75e955fe31787987c5ed345bb069d9cb9507fd58069df0ed24b7b5d3ee5b709a29918953d73ce2b57e2c5c4d71f1d2d58ac491be9d23a841c863d0d5425efb2ea69231b5a81ac3e0e4c3187bcbb90961ea5f19ae4fc06ca6c35a855bcc6f394ee1d38af4ff889a0c7a5fc1fd3edf77cd0c3b998724b93924fe26bcb3c05e1f90e97aab493ed6bcb958d761e8b9039ae8a32695c893bab1b5612c1a5e897774d6ffbc9b7450e7ab13c6455ef831f0d97fb5ee754d421586de25020471cb1e735b17fe128750d5606dbb45baa88e2ec981d6bdc3e07fecffa8fc45bb885d27d9f4bb7c16971cc9ec2bba9b934a3038eb4a3157664fc1ef85b7ff153c4b0ac36ee9a6c0dbdb7ae14815f5f685a47f675b470797b618542aa81c6056a785fc1165e0bd320b7b18238e154084a81935a13a30790797b5540c73d457ad430ea0aecf07118b752463dfa4b0e24851b6af5c0eb50c96b24d2c7ba28cb372327a57491d9ab27ee7fd5b1f9831cd492e8e8adb95951bae6babd9dd1ccab58e7e7d26e04abbc83c6463a62b3bc4fa3492a42ccff002e79515d8dc4b88479ca11874239522a8eb1066d976fd7776a89d32e9d56e4737e14b71a6bccaaa3fbfd7a8af4ed0ca4d042ccbf2b0cd79fe9562cf7333b316da8411d322bbbf0edaf9b6319593e5da180f4cd6b85d0cf1d2bad0d3bfb48c4121f9b6fb566f88af23b7f0434619bfd2b31283c124d6a5d4ad61a7bb37f12f6e6b2ee2c17c43e21b1b175678ece313bb0fbbb89e057a09f43c7e8753e1eb3fb068d670b29dd0c6abd3d056884219be6dbbba0a6db2b4683e6ebdbb0a9a51b7eea6e6e87dabd0846c91e3d49de4d95f6ed6551d79cd3a104b156a96542a83e51d39e738aa92dd1230aacbee168611d48e7b88fcfdcbb998f4e3a5645eda8bcbc559a4c9ddbc2fd2b56475b581b6ab3331c7358eb73bf549f90c204da3fd93deb96abd4eea2ba239bf8c5a9ac1e1b5b55f9a4bb7db85f4af96be2ee86ba6e897324a9f24ce5507ad7be78dafa6d6af7ccdc576b9863007e66bc83e3868f1dd5ee9b6cb236612d3beee8703a62be5f31973cf98fb2cae3ece1ca7cebe3a84ea9e2af0fdaaaf989a7e9eb1fb231635e61fb646962e74cd3ece4f99a49e30c3b119af65b9b16ff0084b2f6665ff5655405f5c66bce7e285949e2ff001f6931deaab43e68623fbb8e6bcba72b48fa2d2d64788ebba0ad8f8d34f8d17c96b77013031c63b57cb3fb4b78bed6c3e306b563a85ab5d26f525ba95afb27e2ddceff00885f685d91ad9b02898ec2be18fda6b511ac7c49d6eeb6e24926e5c0e8302bec3244e73bb3e5f3d7c94f41de11d774bb3ba592dd4caa57387182a2bd73e186b6bad5c6a56e9fbbb66b5de3ebdebe5df0dea4da4de3b3156565e0e7ad7d05fb394cbaa5b5e12eaaad6cc09cf415e8e6187e45cc79d96e239e5ca646a1a1b47aa4caaad27cc47c8b938ae4b4db858fc41756aaacb223642e318cfa8aefaee195c79891ff00a45bb947915b071d8d793eb9e2bba97e22235c4cb37985a30f8c37e34b0f0738e856264a9cb5ea77de1e8bfb2f586b52df3330962e7824f2457d09e0cd5d3c4be0cfb3bab799090769ebd6bc056d22b8d023936c66fa201a39013c57a5fc26f149b5d5aca593986e8047f66e86bc3cce82946e7bb95d6709729e87f1efc51343f0b2ea3d1e4f26e5200084e1811d6be69d37e335f5ef976f757571bb8419f983b7d2be8bf17c326cd4639172a636c1f55c57cc761e1dff008442d6f750ba2aadbd84719397639e2bdae18c3d2953926b53e7b8b3115a1522d6c77ade32d434cb68adedf53b7b5bb9181f311b6b28eb5c178bfc55a7c5717771ad5e36a77533e1119f73363f1ae3f50d505ac324b2cc24bbb83ff7c66b0ae5375d2b293f37af7afb2c2e0230f799f0b88cce551599b363abcda96aaffbbf2ed87cca001851d6bf58bfe0dabfd9eee2187c5ff13efa2565d424fb0e9ef229dc5075c7b66bf2b3e19782b50f88fe33d27c3fa7c1baff0059b98ed61d83921980271ec335fd2cfecb1f07f45fd8dbf658d174f6f2ececf40d3bcfba6fba1982ee727dfad6d8c9f2c397b9c9874e53b9e35ff05bcfda3a3f821fb27de696b7525aeabe24ff00448911b0fb4f53f4c1afc9aff82577ece175fb517edb7a0e9a635bad33402752bc671b9081c283ef9e6b73fe0ae3fb725bfed75fb42f9d6b3492683a0c262b50adfbb763d4e3d6bf44bfe0ddcfd903fe155fecfb75e3ed52cf66b3e3297cd8da44c3a5b81f28fa77aca9c550c3b9bdcaad2756af22d8fbb754d0e3f08fc3fb1d1ace358d542c6117801457372c936857f1de43f2b4780c01ea2bacf164ad7faab281fbb857683ea6b25ac04ff336daf86c6621cabf3a3ebb094a2a8f233b6d1f558f5ad2629e36dc255cfd0d58fbcabf5e7deb8df006a9fd99accda7927ca986f8f3d88ea3f1aed406da7fce2bd4a157da4398f171547d9cf9466411b7f8aa368d987f76a4923dadd0fa67d68501056c66572c4edddf2f19c7ad473ed751b76f5c62ac30e3ef72a339aaee9b4ef5ebf5a008653f7430ea4d3339153cebf337ebec6a06189bf0a56b80c1f3a74dd50c8785e3f2a9e550ade9514b1f2194f7a56d4a45793761be5f96a3c7cadf2d5865dd26eedfcea374da0fe7540f529cabb58b7ddcf4155e420a365ba9e3daae4a7775c6efa5432061dbe5239cf6a051dca6eac5bf97350ca8cab56e68c039e37639155426e0b53ca3e62b9f978fe1f5f5a8154292cdb70d8c66ac3c7b58af19fd2a1922f30e3eeaf6f7a913677a1fcadd9fef531951df76e3b98f031449f20dcdf71bae477a6b2abbb3211f2e0f5aea100386dadc7351c80bc7f375ce00f5a73ee9588f955baf3dea3694b1f743c81dea40661946edabe9d6a22d84fba178ef52f9cac155b69dc7f2a826010ed2577673bb3d2802192362ab8663df07a1aab7a1a5cb32aa91fad58bb0c250d1b0561db1c1aab7ced27ca5be6c608c5008a33b306eaa3d3deb3750973b837ddf6f5ab976163dd8c11f5accbf7c051cafd2a24548cad59d9863f87d2b93d6a609e66dcefe78ae8f55668a066f33773d315c8eb57230d9cab1cf39eb5915189c778cdf6c2df759987383dabc4fe25de795e674f4c77af5df18dd8f25fb71debc33e265cf99311b88c93deb1acf43d0c2c753cdfc4d3996463b462b93d5660b39c636edf997bd74bafdc61fd4e0d721ac4e8c7f8b763a5709ecc4ee7e0043e5daead7413ef30515b3ad7cd3ee5fbb8aa5f07e36d37e1dbc9c6eb994b67daa5bf9761ddbbe5c703d2b82bbbbb1e8515a233f50918c8bf2ed1e955ee15b29861f4ab17722b6deec78aaf00055d5bb7bd733d8ed8ec52bf21832b65b3ce315cb6b971e51930189edf5aeaae770183fc35cdebb07eedca7cc7bd6323681c3f896efec48b26edac06f735de7c3bf11c3e23f084735ab2c8eab8703d6bcc3c6c98490ee27d2b23f677f1b49e11f1bea1637128fb1de0f9013f75bfc9ad65479a372a72d91ed9ae5999fc2d731fcaaeac1b35e65f1174fba9c5abe9f6fe61570cecdc281debd7fc41666cfe1f5d5e7f000cee473802ae7813c2f67e25d0ad772ac8b7b1f2a074e2bcdf69cb2b9d94dfbb63e78bff1935df8d3c1b1ef11c9a7de33ec07a86e2bb7fda935b6f2bc3724aeab1dadd991d89ce062bc1ff6a15d47e11fed15a12dac2cb670dee651fdf46e87f0aeaff699f1a43ab7846ce58ee8492dcdcc4a9b5b851dc1af4de05b70a8baa3cf8e362d4a0dea8f32d3a206ff0054bd6651991c21fab135f767fc13c3c233f86bf67dd5f5393264d726102363b671d6be27f0f787ff00b6afe3b38d772dd5d0049e856bf4f3e07f83a3f07fc08f076951858fed9386dbd33b79ce2bcecea568281ae0ddbde287c51d01757f12e8ba6ef652ae184647deda3935f387ed9dab2c7f1464dcbe4182e63dcc7a6d55017f3afabe512eadf1e76c78234cb660c71d09af89bf6c6f102eade35d6ae7ccdcab7cb1c60f5660dd3e95e2e5f4d49ea7ad29b51ba3debe104b36b5e1784f97870e84ad3fc5493ddfed04c8c30b6f69c0f40455cfd9af558f6325c47e5b5d431edc8e871da9fa897b9f8c1ab48a774d18112b918f97a91f85724bdda8ce9bdddd87c75d4c68bf0c6c60dac64b893683eb922b96fd9e3c28de25d2af24652db6e4b1f600d6bfc78b96d6bc13032e7fe25e5d8123e538c1fe95eb1ff04e6f83ff00f095f806d6e2f3e74b993cd94e3ef8c93815d5422e6d4519d792a74f9d9d9fc0efd98aefc4b7b1ea578a56de462ec58718afa93c21e198ec6da2b7b78f65bc23682a300e3bd4b1690d6da7476d6b188628f0a113b0f7ae934db7fb348b0c6abb552bea30b858c343e3f158c94ee55bbd19a1002b1dabcfd6a8dbc3f69cc8c5b1bf690456bcda7325ef9ad732376f2bf856ac59d8c6d31870bb5b9e3b9aeae4d6c70aa96444fa7ee5daab85c0c1a99ac847d7e66f53d054efa41dd8690a0fe1e6810b2ee69497dbc601adb92c67ed6e56b9b6564556556ee31deb06eac665b9d99fdc330207a57550c2939d891c85bdc74aa7abdb18d0f96a2365c9049eb53521a1a51adad8e7adec956fa48d1c32c8a548eebc56fe9712dad9a45233aa79614151e959ba0e9cd7776ff2af9cc0f35d459c4f04044caade58c54d18db565622a5f422b9bc8e0d3e3567f971d5bb2f7a97e1d697334179a849f7b5298c88a7f85070bf9819fc6b2e2b07f196b71c31ee5b580fefff00da03f8735dc084c102ac2aaa17e503d057761e3cdef33cbc554505c9d4911ff71d15429c820f5a9636fbc7711bb9e6a2033b57ee95e4803ad431ce6f24daa08da7073dabd052b1e6f2a7b9335c191d7cb4e33f364d0ad81b4fdea91215897e5fba3f5aab7b26c6dc5be833d294b4d58a1ef688a9a85d321924c7dd0768f535ca5f4f269da34dbd97ceb8e1403d335b97939642ccdbb6e4019ae3f55d6217d5fece412d1fcc4d79988a9667b783a2ac73fa8892ceebc9dbe66d51b48f53d6bc97c7f710df789e68d6290f931156738c0e7ffad5eb9e33d663f0ff0086af2e63ff0058d192993dfb57860d25b4bf0ecd34d2334f704bb65b2c322be771924b447d4e0e2dd9b3cc16ccc970ad202acd3b1271f7b935e7fe2dd2ff00b53c710b7ccb1da866660381c715e9da86e592162c31046ce47af1c579beb5ac4967a7df4fe532effbec78fd6bc98fc47bb17a1f38fc77d41ac35ab960c37cc0c8327b7a57c53f11246bef195cc9315dd23b0f2cff0010ec6beaafda27c42b1f8ae66924322a807681d057c9ff00122efed9e2fb8bb8976c5bd55703a9f4afbbc863648f91e219dfdd384bbb78ed7508fcc6f2f71236e38af77fd9b6d95fc397c6393e7fb80e3839af17f1069cd6774ed71fb9c9f9438eb5ed9f020ae85f0f9fec6ccd35c7324ccbd3e95ec669ad2b1e364eff007eceb56c17c3da65edc4adfbb507793d49c57ccbad4ed7df10206b78d9926baca1f515eede34d697fe11f9236dcca509001ea7debc8be17787dee3c6f68cf270252ca839ae7c0fb949cdf63a732929d68c23dcf62d2f41920b4566fddaed1d47b56e783ed24b548e1c676cbbd1ba679adeb3d1ff00b66244f24fca7191fc55d01f879701a231ae23800918e3ee8af97c462d4b43eab0f8571699d16a52fda34c6122f263c03ef8af947e29f88bc9d72e2068fcc9031e73c0afabb51f9344b8b8914790b0921b3dc0af9075cbbb5f1ceb5ab2aaf9773165d08fe2e6be8784d7befb1f37c672fdda8f5b1c25ddc3dd3ee65151d8a1d42fd766edd0a72054b793ad95bbee52aea703777ad6f857e09baf1bf8ab4ed274f8de4bed72e92d52351cb1638feb5fa53b247e5376f43ef8ff008202fecb175f1c3f6996f1b5e421745f064594765cac929e83f0afd04ff82dcfed476bf04bf644d4f498662354f138fb0c28ad8608df79bf015eaffb0d7ec97a4fec37fb3969fa2db5badbddde449717b211cc8db064fe3cd7e37ffc1663f6aeff008685fda9752b2b7b832683e1106d610ad9467fe23fa5789ad7c45ba23d38de950e63e7efd99fe045f7ed19f1ff00c2fe0ad2d5ae64d52f51a66db9d9186cb13f857f511f0b3c0f07c24f853a4e876aaa23d2eca3b64da3192063a57e4cff00c1b55fb201d4750d73e2c6b166d1bb37d934c122f0147de61fcabf6135b9159a2b7cb0fe26c0ae6cdb11cb17046b97d3bbe6660496666899a462cec72703a55411b2e5369c1ee6b71d005f97e9d2a17b6523eed7c65486b73e9a9d5d2c72b7d1fd86f21b85c868640dc8ea2bd1229bed10472a7dd9003d6b8fd72d3cc8dba6d239cf6adff02ddfdaf408d5b9687287db1d2bab2f935ee1cf9846f1e7345970c3a9e7afa50fb94ff0d48a7e5e69b20c1ddf9f15ea9e2ad111cbcc7504d137cdb3956f4a9dc2ba75e474a32b127cddf8a0d8a9b5777de2db8640a615f30e5be5c77ab1851bf96ca9f4a87393f30f973d7bd005727e7db8ebde9b37ca547a8a9186e66feeaf3c8a24215738fa52eb702b491f92a76ad4528cfddf9bd6ad483116de7e63eb5048a557eeedf7cf4a6544a6dc4ac7853da92539e786fc2ac48bf2ae7e6f7a8dd3ae73ec476a02d62881b8b771eb8a8654500fe9569c647047cb55e656c6eda0e3b504731564dc436e5c7a546e9e655873b88dcb8a8668a427e5c2d66f419d80dcdb7ee9dfde9863f2db7af393834a0ec8db8fba7ad3407319f9b3cf19aea764034f215bf887e94d2fc9ebbbef1e3ad3e56c0feeb639a613ba4ebc91c54811ba8957760e71deabcaa181da7bf4a9669bca85bb1cf5a8271bcfebd3ad0043249bfe5e8c3a1f5aa7764ca4ff00794647b8ab0e4b77e7b66a8ce1914b2ff11efdaaa45477294e1650777cb20e6b22f9f7162bf8826b5ae27dc1b70fba7f3ac5bec46c187dd6272a7ad63207b993abc9c3678e31c5719e25758a26db9c75fa1ae9f55976a73b979c63d6b8cf13ccbb643865f53599a44e13c6f7a6381b77f76bc1fc7f2ee73ea33d7bd7b278f2fb10bb6ecfcb839af08f19dc33de373bb3923dab9eb9e8612ed9c76b33eec8e84647d6b90d5e4f2c96e76ad74fad5cf9721518cf3935c8ebf36f181db1c7e35c5d353d7a7b9eb5e0f93c9f86ba7ae7efe5b1f5a8e793cc7db5358c46d3c21a547b785843640aaf7a0c6ff2f4619391d2bccadf11ead1d8a932e5d70bbb8c75a643179d285c6dec69f2063246aaa7af4cd4f15b3091f69c027d2b37b1d1d0a37f6a0b3a8ddb47eb58baad9f94acbb4ed3c6715d3cb6ab73c8f94a9f4eb54f54b4ca6c93a7ae2b27b1a41aea78b7c47d0a48a293f895b2722bc9d0ae8dac1963f96453f78d7bf7c4ad38258b3e372a9238ed5e11ae40b15cc85b055189aedc2fbcacc8ad2b3b9f4e780249be227c05be8e33ba49ad648723a93b78ae3bf622f8bf79ad787eef4ed4a15b5bcd0e7fb3306eb8e9bbf4a4fd84be22477b6bac69f236e92025d90ff02935cc7c4fb98fe0bfed3f670c2bf67b1f195ac90ab8fbab383b94d70cb07cce74eda94f15ca9333ff00e0a79e1e161e23d17558dc798d11651ff3d31dabe6ad3bc543c4fe14837799badee0b6d3db8afa67f6d6f12dbfc59fd9fad6650bfdade1f94c33e7a8651d7f1af8dfe1478924bab5d63ed10f93f67019771fbf5f4596e1ef865cdba3e6f32adecf12d2ea7d29fb3df8725f1178af438a346927bbb8c6d3ee6bf4e2fad5b404f0b698db63fecbb2524679dcd5f0cffc139bc3ebe38f8c1e10223fdcdbc2f74e7b823a57dbff00117c40b0789f54ba7652b1c91da2291c8278af8cce657a8d33eaf071f712f22bf8ce58fc0316b5ae2b0679a207731ea4fa57c1df1cacd3c41e06d4b5c7dcbe4dc2ce49fe2767e95f62fed7d78d69e07d174b4ba5b7fb54b992423aa81d2be58f8dfa72dd78263d2559121d46f902b7f0955c1fe95c184d1dcf4e959c353d87e02eb32ebbaa68f32ffab6b58b70231ce056dddf8aa28fe2aeb524786874f063231ff2d5bb669ffb3569d6f757eb6f1346b269f022ed0380315cc780279bc437be22924da52f35e9483fec29dbfd2b86ac75723ae3bd8b7f1aee9a3d06d6c23ddf68bf88468a3b963cff003afb9ff616f87dff00086fc2ad36d53e510a2824fae2be2fb6f074df14fe3be9f0c68df63d05e34247dd66ea6bf45be06e91f66f04c6aa7cb0ae76802bd1ca6379dcf373aa9c94944ebae6ca6b6baf337031b1c1c56859b1827936c7b87ad4ef6de642ac5bef7040f5a5d391a1b8753b43a8efdc57d5f2ea7c4ce5d06ab79b312d1b2ef18a5d34182f3e65f9978cd5d9631346ae4fe5daac5bd92f9bb979c8ce735b46262ea683a5b6590fcc72de94d5b68d6e4348a76b0c66ae3c3960dedd3d688adb2807f74f4ae8e4b9cfed122358962f9a2edd7e958de25b98ed487663f2f55c5746d16c5dfb715cdeab049abdcb308c7930b7afde6a9ad1d2c69425adc83c3b13348d3fdcf34f71da9de24bababe9059daa876908381d76d5d4bbfb385b755dd70c0602d6e681e1d5d33748c775c4bcb39e71ec2a6952e6564556aca1abdc8fc2be1f5f0f69a2351b59be6627d4d69b2b2c99dbd7ad4de4ef2a17f127bd2839765cf0a2bd28d35156478f2abcf2bbdcaac1fcc66e368ea29f05b043e6fb53dd7036afcbc679a68fbc3f8b77e9556b0730e670a08fe1c74acbd48b3432119cb700fa558bcba215973df1d3ad63eab72df2c6abb777a9eb5856a96d0e9c353d6e525b88edd7cb56dcc9963f5ae4acd44fabdcc8e43337231d2ba2bf222b768fe556704657a8ae5ada5fec9d2ee269362c31f39eed8af23112bee7bf86868729f1563ff84925b2d2d710ac93892403aac6bcfea715e63f16b451a44525dc2cc179420f4c57a11965b9371a948dba5bd18423f8133c0ae17e3eddb695e1c8612c2492e4edfa57cfe2bb9f4185bab23c7eeafd6f96e0ee5558e32df9f6af27f8a9affdab4a6d3e07fde4c774a7fb8abcd7a6fc4078f43f0b4c91aaadc4e03b367d6bc3bc7013c39e07d4351b8fde49711b2200791c570d18de67b908e973e5ff008d779fda3aedddc6d568a440a093e9c1af03f15ddac3a82db4312ed69339eb9fc6bd73c7fab14f0f37991b33cce48c9e82bcb7c4311d225d21a2856eaeb5094e2323215457e81967ba91f179c2e79d91c5eb3e14bcf1af896286dd9986ff009dcf402be8087c3137863c0c2d6de16f22384092e0fdd5245374af06dbf84512faeed636927019608fb67be6b7355824f1858436b1eeb786471ba304951f5aac662f9fdd42c0605d35cdd59c0f8ce4b7d3b41b7855a4bab891368118e0f1deb63f65dfd9cf5ff1ef8efed4b6f1edb78f77cadf240bee7d6bd21fe05f83f51d26193c51aecb6b06302ded7891c0ed91cd7db5fb34fc2cf0ee8ff05f4d1e19d1dec74fb91805fe69641fde66f7af1f31ce3d8507086ececc3e5f7aeaa4cf25f86dfb2bdd6b1f3a3050a70ecdc28c56df8e7e1ca785b45b9b55dac7a33a9ceee2bd9ae74bb9fed27d1f4f6fb3c2bf34dea735ca7c4cd2e3b2f0f5d285016dd482e7bd7c44b1529495cfa68bd743e4bf887a8c36ff000ef52d3f73ab428cb802be2fd17516d3bc49e6a8047984313dc66bebff0089da8a5ae87aa3482355962760c4fcc7ad7c8c74768f4fb8b9593e4c120f1c67a57ebbc254ad49b67e6dc6556f5a315d0a3f10b433a85f2bc2dfe8f2ca198e3a57d9dff0424fd9726fda0bf6d6d2efe4858e93e0bc5fcf205f95a4fe15cf4af927c096b36b11ad85c4624130fddb6e0093dabf7cff00e083bfb17afeca3fb25ff6d6a6aadaf78b1cddcadd4ac7fc2b9afafaf88e5a6d33e1e9d14ea268f60ff828afc78b5f819fb3c789b5e9a4557b3b1786dd58fde7c1000afe757e1bf81f56fda67e3e683e19b28da6d57c63aa892e368ced8d9f2edf80afd20ff8384bf6aa8fc4175a3fc3fd36e1fe573757c50fcabb4e369ae23fe0dd3fd97bfe1657ed09abfc4cbdb7ff0043f0dc7f61b1661c3487ef30ae4c1fb949d47b9b625f3495347ebb7ec6dfb3dd9fecd5f05749f0bd8afeeecd773f1ce4f26bd0e59bed57b2499cee62bd3b55dbb6161a7ee5fbd20da3159eaac83e53d7a7bd7ce66155ce67ad84a6a2ae38c381f2f4a85a3da6af449f2e4fe58a867872dfed7ae2bce947a9d919f432753b4fb4861f8fd6a4f87b37d964ba87f89b93ed562e61da36a9cd51d0d8d9f891b0bc48a013eb51877cb54d6b7bd4ec7505402dfaff00b54d71f2f5da6a461b776dfaf34dc6de79fafad7b278c9d8698b03b7e54d720fca7ad3b606ced2dc7e54c64ddc37def5140448d9fc93bbef11c1a8d81387f5ed563cbc64d41e46c72cdf2b67822828ae46f07e56ebc7bd308d9538f9a36fde753d715049f30dbbbf4a04dd889c6d099e7af350b0df267e6ab12632c7e82a375ddfe3eb40c865500ffbb514a331d59907c878cd5793b83c7ad0055b88f11ffb3559a1dc7f8bf3ad13171d17f1ed55a65db2f1b7d8e3ad04f29443727963514ceabc36edbd8d5a962dcf9e8d8e48aaf2a60fcdb9a95cb3aa2768618dcadcfd299e5ed6ea72dc1e7a52e55576b6edbd8669a245decadf77d6b7908475ca3063f32f04d309daabfeef14f6519dbf7b6fad427e5ebe9b78a90229c79ab9c7ddaaf33ed56ce7818153191b6b28fba3ad4773d17f3a04dd8a372a54eeddd2b3e6b862bd4000f4abf33b798fdd57a5675d9dbbb72f5ef4d971d8a57590dbb760139c1ef599a99563fee735a77e76a2f7e78f7ac5d4d984a59b85c7dd15902dcc0d665f311b27bf5cf4ae1bc5f75b4baf418eddebb4d5e5f30103e5e735c078ca7fddb29f7fc6b39686b0dcf34f1fcfe5c0fd3919e6bc33c5b741a690fdeda7071dabd8be20dc79b68df337cb9e6bc47c6328376c474c8e7d6b8eb48f5b071d6e729ad4fba3276b77ae61d16f7528a36ce6461fceb7b5d970fc8623bf3599e18b192ffc656512f0ac49cfa573bdaecf4d7c48f60bc46b5b0b78558b08a20bd3dab3aeb6b643365700f071cd686b2bf332ab6d2a00e9d6b3042c5c7dd65f4c74af2ea6e7a74e364239d922f1ff00d7ab117eef6e57827ae79a8dd372ab6d0369c715a0a57ca5c573bd0d5cba10cd65b2266e9cfe75535745b9832a39c706afcb2193e4ceff00ad50d4b72d9b6d62acbe86b38ee52d8f31f894f22d848ad8f9857cebf10f54fec58d9dbeee4e6bde7e2e6a7b6d25dc4ee1c8af987e29eb3f69b79a3dbdcf35f4195e1d4f5679798e21c223ff00652fda02cfe187c70f3353ba5874bd5a130ce49fb877704d77bff050bd3f58f1bf87f4ff00881e1fb88d349f099132cefc79ac4fca17d6be3af145e0d36e2f536fcd32019f439e0d7d7ffb45693abf873f617f08785f53ba592e3c4f71025b4510c311b4724d7d04b2d842aaabf79f33fda9395374d97bc08fa7fc52f80571e32bc6786cb59b653736d21c289d78661f5af9575d9e18bc63716b6312c56ae369f2ce41afa5bf6839b4dfd903f676f05f82479d73a96b4999a366f9210c339c7d6bc3bc27e0686e7ed37ca0490f5c1e99eb453c3fb25293dba0aae2957715d7a9fa13ff000495f063d85b47aa4c804d159b22363a026bdafc7bac2bf8e6d6c253e64ba86b2a48f44519af25ff00827878c61b0f8549aa5aee68ee2416e00ec1473fcabb3d46f25d7ff692d2ee59f6d9d8a35c903b939073fa57e5599be6af2b9fa3e07e056ec53fdbbbc411de6bfa76990c8bbad577310795cf4af9efc40ede2dd5bc3da52fdeb372d23f67c9e2bb4fda17c4325cfc516bbb82645bc8cba8fee80702b9ff0087891daebb1de4c56695524b8e9c055e40fceb3a7051573d4845247bf7eca902c1178db5791425be9a0c61c76d89c9ae6be0c7930782e1d45b77977f7135e9cf520b923f3a6de5f5cfc2cfd8f49b790b6a1e3ebd951db3c857cd5bd274ecf87b49d2d53cb8e174b642a792a8a0127ea6b83131b237a2eeee7b1fecbda125adbb6ad25bbcb71ad5db4cac47fab8f381fa57db9f0b6cc47e0bb765fbacc5b9e3bd7ca1f072f0e8f11b745536f668a8bedc57d77e078d62f0958eee5760e9ee335e9e46b56cf033d93d8d9b47da9cb3707383dead39c5cacdb4ee906dc11512f972408aad9623149142f7572b1a7cc623c9cf4afa78a3e565dd9a82c9a24e9bb8e99e0d4d623f7bc8c0dbd01e951c9a87d9a0d936e6e31c558d340312ed563bbfbddaba947a9c7297426b7725b0c32bd571529cb3eecaedc727d29972d1d90567e7fad4691b6bd16e2cd0dbaff00fbc6b68ebb1cf2daec8a5926d4ae3c9b763b07de7ed8aa5e239fec0ab1c5f2aa9e703ef9ada95d6d2d18aa08e345eddea8e83a63eaf37da66ff00543fd5afa544e0e4ec694ea72ae6637c27a0aa4ab7970ccd2bf4523a0ae8910a92d8da01e94e5b608176edc015305c2fcd91ef9aeda3454636383115bda31a8ca07a353664c3676f34e0173965c951d7d6863b4118add9cc8af326db8f5e391e950ee7de57b1e9562624818fbb9e4557be4de8c558fca38ac272b1d51d4a77ceb289339f95b8ac5d526324accaaff2f03d2b6234df0f392c793583ac992d43b06f95b9c66b86bcb4b9e96196b631efaf731b7203ed38cf735e7ff1275f68f41b5b18be59af5c2363a85ee6baebdd5a19a66186dc14904f6af23f10eb66fbe27187a8851997dba57878aabd8fa5c0d1bee7556f6c87465db9f263000047a578d7c71d47fb6efe053302b09c80beb5eb3af6b462d17c94fdca91826bc8fe2a7877fb3f49f3bccdc73b813d457978ad5687ab835695d9e47f12a7fb7b33349fb88d70df857cf3fb43f8b52f3c3d159dabec8ce41f7af72f1f9dd62d1b7fab66ebeb9af9cfe32efd5f53874bd2e0f36f1cf27b28ac70715ce9b3d894ad1d0f03f1adb5bdcc5b24665f9b622f61eb51f843e05dd78ffc536da9cd22e9be1ed1e3d8d7327cbe639e48527a9af46d6745f09fc129e1d4bc58cdac6a43e78f4e8c7eed0f62c7fa570be2df88577f1e3c4a932f9967a2d89d969a7dbfeee253ee07527d6beb235a7cbeeec7cd56a119cfde37ac3499bc6dab4d069f0c9711c527956f91cec5e371fad76d71f0ead7c23347a66ef32f21b73757720fbb19ecb5da7823c2371f0bfc176656389b56bc50d855c0890f41f5aed3c39f00e49f4bb76b993ed17daf4de7dccac39112f38af0f138eb4ac8f569e1e2926cf05f0dfc0ad63e2778e2d2d6dd7ccb65dbe648fd4827b0afd51f847f0763f06fc27b58638bcbb7b18150647522bc1bf643f86306a7f11355bedb882d5d6da05030bb57927f335f63f8aee5acfc3561a5c2156398fef1bd10579b5eafb65796c72d6a9cb3b44f1cd3fe1919efef350e15ae0e439e816be71f8f5e31b5f18eb771e17f0e3349159b917d7a395dc3aa835eb3fb4ffc72b982e0f87f4591ad61917c9791387cf7c57887c5eb7b3fd9cfe08091a3ff0089a789242916d38640c0e5cfa9ae5c3e17da54491d0b11eca3cf33e2dfda1fc5715d6b9796368dbede10616c1ea46457cf7e22b9923d0459aab46f7077e31d857a778ead97485ba699f3212f3633f310735e336f7571afdec934abb7692a833d1726bf70c8f0dece8248fc9f3ec63ab5db67a77ec71f06f52fda07f689f04f85f4df33cebad4a3f3f032121539727db02bfa52f1a78e349fd99ff66ebb79a48ed2d3c33a6f393d0aaff5c57e74ff00c1b85fb1543e15b0d43e246b567149a86a16db6ce465f9a30588dd9fa62bd03fe0b71f16e59fe1ec9e07b3ba686f35089a6bd55e034087fad563aa5ea28238f0b4ed0e667e4c7ed3ff001ab56f8f7e3ed5fc47a84de75cead74c9651e39d85895c0fc457ef07fc1157f6545fd9b3f636d06dee2dfcbd535a885fde6e1cee719e7e80d7e357fc1373f67987f6b3fdb6fc2ba2c8164d1f45617f70bb7e52a8785fcebfa3fb3b287c21e1786d6d9563544582251d1474ad31d5153a6a08c6945cea5c9ef5c4b7656360f0c7d01f5a8c2ac9cedfbbc01e94416820b6f2fbf526a4b4b51113f36edd5f2f2f7a573d98d946c3d080a2a2b9da91331f4c9ab9daa2b95ca9fc8d4ca3a6809ea647da23bd883c6cc55b8e98c565ddcad6dabdbb8f97e6c1ade9a3548b85c2fa0158bafc0a0c5263e656e3dab9e2ad34ceabf345c4eb4e19371e87b529f9c7bf614db77f36d636ff00601a0a79677357b0b63c796f61878ff7714c1f23ee2a71dbdaa4c6c2c3d69770aa511c48ff0083f0a87712dcee3f53521daffecf39c530fef86dfc79a394a229a2f2c6ddbf78e7e95014c6738ab45bcc5c1fe1e39a8562c2b73ffd7a5613572beccb914d755eddba54d9c2fa6da8c286e87e9f5a0512bbafdec16fc2a39538e06e5f7a9a4521b71ddc7514d98091772f1db9a451581cb9ebb7b55693e4427df8c55a2acc879a89d70beb412e562a79780dc91bba03d6abccdb3a93578806463cfca3d6aa88c3b9cd2e505237646def8c2fb531ca96fbbb7d69c5fe6dd9e6981ff779fe26ad4a091cefe1b6b63f034cff0058b9cee23b8a576f2e3ddf7bb735115f90ed5a006caca4e0b76e6aac87705fcb15296e307ef7ad453c98ddcd55ac437729dcca0463fda38c551ba6c73d777e957a76edf7b03359b3e149eb52cd22f4295dccde4fdd0b83f9d636a6ff002b739e98e3a56d5dc7b173f7b71ac1d554c0769e558f53598d6e73fadb0443f3657a631d2bce7c6f2fccebfc55e81af13021603767b76af33f1d5c72db79383cd65236a6795fc44bbf26d1bf8739fc6bc4fc5136fb963ef815eb5f126ef742caa4703f2af17f115d66e24f9bdc5715696a7b1838da273baf5cfccc3a71d2a7f83517db3e2143b94b2c30b39f6e6b335a93737fbc08ae8be00c3e66abaaddff007516353fad73d47ee9e853f8923bed5e432dcc9c2e73c1cd6595276a967ddd6a6bcb891d9941c739e69230c3ef37bd7972ee7a917a0f8c670ac7e63c9aba9f22f037291d3d2a92111befefe95704c8f1ef63ce31c566d152dca57372aa70b9e0e4fbd626b5aeaa4122b6e1b73cd696a33808dc85e39ae0fc5daa0512fcdc2827eb4e9c53958be6b23ce3e3078823f2a460dd738039af9bbc7d72f7d049bbfbc4e73cd7b0fc49d45a532ae7e53935e2be2925926ddc9cf15f5f94d351573e5338aaef63c6fc496b236a0e594191f88c31ea73c57dd7f1e6ce3b04fd9fe1f115e4575ad457d0116718e0c6500e47b1af8d7c03e133e3ff008f7a0e924992de7bf816e08ec378247e95f5cf837c4b63f13bf6a3f1d78eb5255b8d0be10e9af069e1b985270580fc46057d0566b4b9f2b4d9e09fb7cdcea9f183f6e3d4b4bfb448cb6f3c36765167e5b74c7cdc7e5f9d771f157c0b07c11f845258ab6fba922d824fef33f1fa572ffb1ee8d71f1a3e3df893c7bae2b4927ef2ed0b7dd524fcb8fd2b47f692d7cf8ebe2a69ba2dbcd25c07283606caab16f4fa57938cacdcd535b4773d9c0d18c69baafabd0fa83f66ed6ffe148fc01f0fd9aaaf976f6ad732966c79990391f9d7a6fc3ff12fdbed6ff5c2db9af2cd8db213921072c7f3af9b7e22f8afc9974fd1621b859e9a2dbcb53f7b6e01aefbe1b7c41852e2e34766f2ce9fe1bc2a67956763fad7e778ec2b6dd43f43c0d55caa03be2b5d49e22f126972293b5ecb767f1e6b3f549e4f0efc2f5d46de37379af5e47a3e9d1b70cc33877fc6aedcda5f6ade08d2fecb134d7d1c9e49da32c12bb37d0adfc4ff00b4af80bc33c4b67e13b1fed0b9880fb970c377cdf9d70a92b1e94e4d688eabf68131da45e07f095a7fa55c689688f346bce246c75aeb7c15a37f67224d79b5e5897644bdf7b753f8573ff0ff00c393f8afc7faff00882f2363fe90caa48e88a78c5749e11d466f88776b1db40205b7b92b1329cef03a9af2315cd395a276509a8c753dd7e1fe8eba5780bed8d8916e596307f8bb0e6beb2f0dd9c9a6f86ad76ed955615e3b8e2be7bd5bc2b3786be0b69f71b516ce14596e1d8e3077649cd7d17f0d75db3f14785ed2e6d6686785a15c1460c3a7ad7d2e57847495a47c9e6d8a53f79178c2d7512bc71b4678ebd6b474b864b3266f323da787c8c115340e248c050bd71578582c809601be5ceded5ef53a7d51f372af72217b14edf2a336de73b7ef54fe64d328d9095dc38e7a5490c61146d551c74ab90b2b92b9e71f956f1a6f739e7574d11463d3d9dd7ceebee7a5695bdac7083b7238c93daa386d09c861b853ae99a793c803f778c135b423639ea36cab776c3569b6aeef2d4e5b9e0d6b59402da3daa30bd80150451456d0ac4bfc471c568dba70abfc2bc035bc29adce7af51dac4660ddff00eba1e22615e2a6903249f2ae41eb4db9f9fd7e82b639632d480a875c1ebebeb4d7fdd13c64d4846c4c0155a5ccae07f0f7e2a646d18dc4ba7dcac0fdd2323154537344cac7e82ae4ac0fdde98e2ab4e15216fef37bd73d4d4e9a765b94c4b960df778ec2b9fd72e774922ed65ed935b12ced0cdb7f87a561788e40ed2b1fe1f4af3eb3d0f5b0f15cc8e1755d556cf5068f6aee6046715e65e2db78fc3fe35d37536dc16e5cdbcbff0002e9fcabacf1dea7f60be86452d96ee6b93f8cf21d4be17de5ca6ef3a0412c5b7aee5e78af9dc4caf2b1f57858bb683755d54789ae1628e4f9619f64873fc201ae67e2d5da6a5a1cd1c3b59631c91daaa786fc49f62f075bcebb7cebb877053d4b375a96d34a6d52d648e405d1861b15c5277563ba3eeb3e7df1dc52dc69d24d36f8e18fe545fef1af0ff889ad278434c9e7d3d0fdbe7f915f1b9f9f4af72fda575493c3fa3ca61939f99608b1f78f415f35f88b5a934af07cda8ea1f2dcc20b279831935a60e9da563b2552f0b9e0de38d19b55d6a45bfbc335c48dbe5677dc47b57bafec59f06ecf5ad47edb796b2cd15bb8f222db88c63f8cd78dfc35f0c5bf8afc4b36b1acc92471f9a4c51b70ae7d4d7d81fb374020d2a499479167183961c0751d057b38dafc94f92279b4a95e5cf23d4b4df8696be28f140924b792e20b6180146379ff00015d96bba743f0fbc23a96b335b3dcceb0fd9ad6141f74b0c002baaf85f63656fe08fed4bd68ed6364dca49c613b2fe35c2fc5bf88736bde21f0b69365b57fb49cdcf96a3948c1f94e3debe42b2bb3b2326ddcf44fd953c293781fc0536adad3470cd3aef11001447df07d4d6e6bff00161f5dd3e436f2979e6ca01da21d00fc6bccbe2c78c64d33fb33c3b6f7851953cd9f0fcb31c706bb3f871a3436f63a6891374d33067c8ff3d29eb6e5463382f899951fc1ad35b5c8f52d56549a7521922ee7eb5f197fc1563e24c9a778eb49b58f74b1d903c1e2385473f9d7dc9f11269078ee46876c71588dcc3fbfc66bf393fe0a6da98d7f58d06e36328d49e591b00fef76e7e5cfe15ef70dd38cb1918cb63c9cdea4a38494d1f257c60d6e6d5124d4c31c5caed001fbbdaa87c0bf85b7bf17be27786fc336a934975addf450208872012339f61557c2aebe299ee92e249162999f6464f08c338fe55f767fc1be9fb3bafc49fdb29bc417d034b6be15b53344db7e5129e335fb35392a54da5d0fcaea49d49a723f66fe067c2bd2ff00671f80fa2e896b1c56eba4d8468fb7805828ce7f5afc5ffdbd3f69e8be33fed8fe20dceb2d9aabe8e817f8579191ef9afd79ff008281fc668fe0b7ecbbe31d76692385acec24111638cb9185c7d735fcf17c2c92fbc71f1afc2b049e65c5eebfacc73498196c17c9af2e8c1c9ba8fa1ddcd1a71e53f55bfe0de4fd88af7e0c699e26f1af882d186a1ab4c22b2f357e68a1fbdc7d73fa57e986a664d4fc516f1a32adbd947e638c7573d3f2ae6ff67fd021f0cfc3db0b78e258d5214181ecb5d4693186334cdf7ee1c963ec3a570e32b396e5d08abdcb85705bdf14d58fe7f41f5a721ce72a335285c3fb579cb63797718060fcb48c378f9bf954c39a6c8b4ed633e677284d1ee3593ad32a44ff00d7b56f5c43843eab58fa9206b77f5e86b966b53bb0fa9b3a4b7da34881bfd815315665c7cd54bc32fbf43b71cf4c67d6b408cf6fad7ad4f58a3cda9a4991b0c9fbbce3d29bb411d29e473ea7d73d698cbbbf84fe75a198c2bf7b27ef1f4a403daa46f97bf1dfda9990ce7b2fad003240b9fc2a131633f77dbd6a6daa9f37e551b0576e3f1a016e579793c6405ec475a8c4232c15b71eb8c55a50573edd3e950101573fc4c7ad2b1a159a4c8ea7be47ad46db49fe2dbefeb56257d9db77bd44ca1ce7d39a5ca056baea3fa1a8997073fa66adcf12b35579b1b81fe1e6a40aee339dbf37ad579611d36b7af4ab4e4222ede99e6a394a903aaf6fad04b91a5918e31f4a63bed66ce3da91f8dcca3eef4f7a85d37c5b8373e9e95a144889b7e65fb9d715095deadd9876f5a959b1fef6066a22d853ceedbeb401129dd6edddaab4e58a1e6a60db6162bd6ab4cfbb767bf2055e842572b4e768c6e359f72db73bb7633cd5bb96f2d379eac719aa53fc9260b6e56e6b26cb28de29ee5bd2b1757b8d84a93f7ab5af64dc4eefbb9e3dab075a9bcb4538dd8c8a92a273be219374726d6f9b1d335e53e3bbcde64ceddca0e00af4af124aa90b37dd2a735e43f106f842b31dc369e86b391bd3dcf25f89da9796981f2b6315e3fe20b850d22b7ccadce7bd7a07c47bedc3ef5796ebf217fbcddf22bcfa9f11ef5156898f7f386cf655e99af44f83d609a7782bce61f3dd485cb7b0e2bcbf52955a3fbc7321da3debd8f4ab65d2fc35a7dbfdd2b10247d79ae7c43f74ebc3c6f3b8925cb34ae3f87079f5a746cac899f978aa6d299a7661fc27157124f365dd8e9c0f6af399ea47624126386c96f5151dc5c288f0afce7bd46f2e22c6e6cf249aced46f9109656e9d78eb503e866f897556b661f363d3dcd7937c60f19cbe1bf0e5f6a11c125e35b4664585396623b015dff8ab50531b03cb0191ed5e57e26bb6fb4c9bbbf1cf715db85a6b9ee61886d4743ce078d0f8c7c330df7d8e6b37b85cb4528f990fbd79a78eee846ad8621b9c735e93e36ba610b053b7773c0c035e45e30b930c32b36df941e5abeb7034d2d8f8fccaa3bea2fecef6d25d7c7bd0fecaac45a99afa763d0148d882dec0d7d09fb59699a5fec6ff00b20e91e1b876cfad7c46bbfb76a0ea399fe5dc437b135f3ffecf370da67853c71ad2b1064b6874ab53fc464b8955481f81afa63fe0a87e108bc49f16fe0dd8dc2816f0db1664cf4daaa7a7e15dd5a49cbd0f269c5356381f86f6b73f09ff0067a82392dd63d77c48c2794af1e5c7fc0bec00acefd9fbc0a97ff1564d4af1a3baba810cabfddc8e8334ef16ebb75e3df12b69ba389266b89422a81c244bc7e15e8df08fc250f877c4f0d9c718f322432c807a0192735f338cadc8a6deecfacc1d18ce514be14733e3ed4ffb13e32add318da2b5b7633c8c3ee6d1b9b1f5ae6bc39f1a85e7c5686fadd77c3aa284663fc488c47f4ab9fb55ea69a7e85aa5d05c4daa15b58c9ea549cb115e43e06bc874dd4f435ddf28531479ec43648ac63875530bcefb1b54c53a58ae55dcfd0bf09d9c9a069f75aadbc6c6ded51665507aee15abfb35786af355bdf117896f1a16d67c4130412afccd1a1e1573db02b9d85aef5bf83f6d636ec1bedd1a175cf21462bbef09ebd67f0dad74bd074df290dadb0bdbd703eee3a027e95f0938b49c5773eca52d0b9f1d3c5f67f0ff004bb3f09e8d752477a46fbe68865e4cf4527f3af54fd96be17c77ad631ddc5346aaa1f28d8285ba66be75f82ba45c7c6df8b7ac6b89fe91a6add193cf27896407ee8f615fa11fb3e683a7e85e12babfb8f2d61b7532bcc7a15519e3e98ae9c061154ab67d0e1cc712e9d2b23e6fff0082adfed5f73f03fc09a0fc3db29d7ed5aac3fe90524c36c0c00c8fa035f1b7c11ff8292f8ebf639f1bfda74dd5a6d5bc3d78fe74ba6ddb96445f45f4ac8ff82997c43b8f8a3fb455d78b3f79393982c53f85114900e3dfad7cd635bbaf18c3358df6d8ee2e1f109c74e99afd1b0794c6694d9f0f89cd65493a67f449fb17ff00c148be1efed59e0bd2ee2d75ad36c35cbc4fde69934a16656ef8cf5afa52cee805c85dcadd0a9e0d7f29b65a8b786fc5ff006cd2ef6eecdacce22b8b6728f195f423dc57dbdfb197fc174be247c22b5b7d17c4ef71e25d16cd957ed53441e68d3a72d90781457caea53d6071c3150a8ed2763f76b0d337ccbb557a63ad48b6eb29dbb24461ce73cd7cf3fb2fff00c14e7e0f7ed3e2ced747f16e9e9ad4a819ecae1fc99037700375afa4adf6dc22ba32b2b0c82a735c318bbd9e85546e3a7420db210159b04f03d7152430ac11ed1f32f5c9ef5305ddd7b55649926befb3ab62545de7d08ad396da18fb4bec59b6b7df2f9aca3a600f4aba1037f1676f4a8a3051b6b7a76ef52c2d88fb57447438ea36dea394669b31080fe981525351b767d8e2a8cca13c6d1fcd92c49ee6a0946e5f94f356efbe6e99ee2b25aedc3ed03a7535cb525caceda29b42cb3b0897e5fceaafda37919fff005d1236f1f7b23d8d43f6b8f763b8ae59cae77c608a7abbb17f317eea9e958baddd7dae16624afcbcd6d5c9f387e3cd73fab03b65ebcf4ae1add8f4b0a91e67e3bb11a82483ef796722b89d51a5bbb1685776dd87680783ebc57a078e2d9acb4f79507cde83bd797788f5d6b5b48bec4775d4d3088aff00743704d7cfe27491f5385d62ac709a1b9d43c6434b870b1dae64127de007f76ba6f1b78a4e85a7c76765b63b8b8f94807922a9be9d6de16f10cfb3cbf352d4972a7967cd733e158aeb59d66e2eaf37068bfd4973f76b854ada23b651bbbb3cd7f686d15a136f712cdba3b44f9941e3d49fad7c71f197c530eb7ab9f3ae15e18feec0bdebea7fda87c5435096f2ce07322c6987c7f11f6af8b75bf0cdedff008b1bfd1e6907f0ed1c0fa9aecc09d328b503a8f83be1db7f12f89d6eb52c4763663cc2a4ed4c7f8d7d23f02e18fe2578de31f341e17b16f2c46bc2cc579fc7d2bc1bc03e1e8f4e3147ab22cd0b1de608df3d3a6715f44fc35f11369be19b7b7b3b586cdafa710db281828beb59e3aab6c51a768687d1f0476be2fb9b7b7658ff00e11fd317798f1f2cac0700fb0af2bf03eb275ff8afe28f1c5d5af93a6e9c4d86988cbb72178247b64577df166cdb40f85765a56972186faf114965386c7f131af2df8d5e2a8fc27a3e87e1f8240bb554b84ff96a703713f8e6bcbdd99518f436bc29aa59f8a2edf5bbaf2ee350beb82a8319f2f0702bdb34dd6a3d37c4f696b1b2e638937b0fef1eded5f34fc2b9d25bfb58ad73e5c72f9927d33cfeb5de7c13f1d4de36f17788199b79b3d442c40f5f2d40aa8c92d05529bb1dc7c56d517c3d61a96a57170a97170ad1213d09e83f9d7c59fb797811af3f679f0c6b11a83268f71307e3ee9653d7d3ad7d6bfb6ddbedf84f2ea16f1b37d96449b03b7cc09af22fdab3428fc6bfb1df8b16cd7ccba8ed23bc541fc3b7ae3f035ebe4edc317092ee79398454b0d28b3f2cbc2d62741d66096565d9bc3c98ff006bff00d75fb81ff06fff00ecff0037c2bfd9cf5cf145e465afbc57a9c8d6f211cfd9c1c2e2bf16f56d0a7827d374e58899b539218e018e58bb002bfa64fd8f3e1ba7c25fd9b3c27a64d1ac1fd9ba4c4d201d036d0cc7f5afd87153fdd2b753f29a71b547e47c17ff00070e7ed0b1e9df0b748f87d6970ad73aa5f29bc51f795106ee7f4af937fe0863fb33b7c74fdaf2f7c477b0acda578321cc5b97e4f39bfc2bce7fe0a9ff001edbe2dfed5de2ebe6b96b8b5d36f658ad8ff0a8076ff4afd42ff837ebf6746f859fb1543aeded9f95aa78ba77bc791fef3c6785fc3153cbc987b952973d5b1f697809dd74abb8d576f9726d4fa5753047fbb0bd368e4fad655adbc7a76a7e5c7f2a95e40fef56d29ca8af999caf267a9caa2b406185a50368a473c714f41b3b35095d19b7a6a3369663f4a243815320ee6a111ec6f5aab13cc4738dc8d5937f1662618edf9d694cb279cadbbf77dea8df91c9f98e476ae6ac765068b1e136dda2c7ff004cc90456811b5bfda1d2b3fc2033a437f17ccdfceb49df13aa803a753dabd1a3f02386aab4d9193f4f7e3a1a0914e1f23bfa64629bb73137cc36d686646f102bf37de3d4fa5348e3a73d31eb5295c8ff007a998dfd065bad0044138ddd3b1a615c9c1e18fb548db83907d73f85128dcbfee9cd0040577c87b7f5a8da1dc4f7a9e50db7776f6a8f6ee5ee36d05ad8ab30f9b1f886a6489c03dfdaac4e727db350677127b54bdc1b2375070dfddaaf3c5f32fe5569cf23dfad365195a96328bfcc4aedfcc54522798158b15f6156660de6fdd150dc0c9f7f6a0971262e5a4f9be5f5a8e47ced5ebcf7e29fb079fcb76a6b7caeeb90c18641ad0a18bfc5f5ef509973f55ed5213b5f8f4a827650bf773ee053b30b8c92e36361b00bf7f4aab3ed4ee4e7dfad0df2ca7e6f94f6355e5936b9e37f1d3d29c849588a5976e769dcbd307b551b96cab7ccb562777886781dea95cccdfc38ce3159c8652d40abc7f79b8ac0d565cab6de78e4d6d6a32b6c217079e4d733adbae47cdd8e71532d0a89caf8b2f37db49b41e07de35e27f132f7cab491b71c7615eb1e32bbdb1326edb953c7ad784fc53d480493e6f98723e958547a1d7878de4791f8eaf8cd2367e50474af3fd5df7c8dfc5d315d578bb51173705b965031c5713a94e3cc91b27dab862fde3dc8ab448348d3ff00b6bc5363683e60d2fcc0f7c57afeb5228bf5857ee46b81ed5e75f092dcea1e388e40005b78cbe4f6aeeefe4ff4f9198ef19ce6b9b132bbb1db855a5c833b24dcbfc3c9f7a9cc8674c81d3a106aabcca09e301aa5472873f8e077ae27a1e8c46dccab6fd8f5f5ac6bfbbc87f9769cf6ab52de35d9f30ab2ae71b4d66ea53092366dbb7d0fad25b8e5b1cdf892e0bc6cae0eef4af3ff0011b288e4ddf7b39aedfc497de544fbbe809ed5e7fe221bd19b7ee5ee2bd2c3475b9c3889591e67e36972eccb8653ce3d2bc83c7faaf91672a0857729382d5ea9f102e562dcd1b2aa8ea2bc2fe235d33a4c5b77278afacc142f63e2f3096a77ff00b385affc24bf0d5acffe5a4de2cd359c7a209057bdfedb9e23b9f88bfb5542b64c24b5f0b69af0c6b9e048c76f5fa0af1efd88645bcbd9a1684796b776928f42c1ff00fad5f42eafe06ff8497e2beb33fd8ced9a6cf038e093c9ae5cc7191a12773a32dc0cab5a48e6be13f8126f869e079750923f335abeca5b47df07f88fb0aeabc03e1f6f0a7872fae2f1c4dad6aac22f313a4284f2a3ebcd59f196a30e992c71ccca1d542201d80a4d27518f536842b1f26df32393fc58af8cc454a9565767dce168d3a71b1f3b7ed937736afe237b75558ed74945da49eadea6bcafe1149178cbc4964279196c74694cd3ba9e093d07e26b47f690f104dabeb1e24b84790b5e5d7971464f61c71599f003c197d37882d34a81595becefa8df1ecaa07c8a7f1e6bece9e1f97036f23e1aa6239b315ea7e8ff00c01b78e3f026a17572cdb6ce2578c679008ce2be7ef15fc6fd53e2978b2f74fd1e66d1ed9afd7edd7921e6486318d83d0119fa9af4af853e2e9a2f829a52fcde733959c6796006066be71f8b0cabe24d42d2c57c9796f81c2719535f1381c2c6539f323ee7155a514a513edbfd9b3e21e9361f0dae2c7c31b9d6e18c31ba9e99fbd8f7279cd743fb45fede93fc2bfd8dadbc37a0f98de26bdb93a74aab92d0465f1938af94ff00677f1d4fe127bab3563035a7cc70768cfb566789fc59f6ff001c47a85c86b8d39a5f31875c30f6fad56030ee9e26dd08cc251ab87bdf5390f1d5ddc789bc63ac2cd74f70b0b280c0e76bec05bf5e3f0ae07c0456c7c5371752348e34d8249963618c9e9d7ea6ba2d575a8b4ad7754d40c2d22de3b944ee49cf6fc4560e8bacc8747d5241691c6f315462df782f7fcebf52c2d34a9a48fcb71551fb5773374cbb86cb7c9e5ab5c492163bb2d824e68bdbb9f56bb668e691f77554e157f0a91e7b78ddf6b6fdc723e5c6d355ed4ed9b7422466e4607bd76462ac71ba8ee6b691a8cda1de477b116b3b952365cdbb949223eb91d2becffd8e7fe0b7bf17bf6747b4d3754ba5f19e870e11e2ba62678d3d9fa9e3d6be28b5b778a611ba32c527de27bfad5912269d678b3c86909cb2fdee38ae6c460e955f8d6a7451c5ce9bd363fa13fd963fe0b4df07ff00697d66df4693526f0e6b970aa12def8796b2b9ea15bb9afafb4cb8b7bf0b35b491ccadf2ee439c8afe697fe0981f0def3e21ff00c1417e14e9925bc7756f1eb51ea1707ef6d8a2049dded9c75afdfdfdb8fe26e9bfb2f7ecf1e22f885671adadd687179ca90b6d172c48014e3824d7cf63305ec67cb1d4f4235e3576563da0fca37336eed4850c67729c86ede95f02fec95ff05ecf87bf1db5ed3fc3fe22d3f50f0ceb9a9308ad51e332c770c7d08e727e95f7269fe32d375991561ba4dec3708dbe57fc8d72b4e36b8e545af336d1f2bef8a446d9ef9e6abc7373fe3da9cb28c75a5ceba11eccaf79204273c64d625e5c88c7cb8dc7deb47583be2fc735c8ea77dfe9b9e7838c570622a599ea60e9f32d0bdf6b5db95c7279fad364badf8cedf6cd63cd7bf3edfba3764814a6e965baddbba70326b8fda9e9c68d8bf3ce238463ef75c0e86a06b15bb80b6e0bb8e48a65b7fa4ab21655c1e2ad46ed6c9f3296dbc67d6a5da4c6bddd8e33c67a2ee8982e3a1c0ebd6bc3f58f09dcd8f89b2aabfbb90e411c60d7d3977a4adeede7e6fbc722bcbfe20f8664379232c7f349fc4057978cc3dddd1ec60315656678778d7c322dbc630dc4d23470b3279a17d2ae78ff00c311ea5a25d2693346c14f0c830c7daba4f885a2b2dbd8cff78383038ff68fdd3f98c573b6377369b19dd0baaee0aeb8e9ef5e2ca2d33db8d4b9f34fc43f0099f46bcfb42b2b425977edea6be75d77c3377a76a12335c2ac2012df4fa57ddde2cf090d4b4dd4e6cab40ec58715f33f8c7c012dcff682c308926957cb8971dcd4529ba6ec7a546a29ad4f18d1656b1b7b79be6916e252aac3b8f5afa0bf660f0a5c78fbc716b753931e8fa1a99662dfc6d8e05789f8874292d3c7da76841554598092203d188e6bea7f861656ff000b7e16796cc3ed1a949b485ea0638abad24f52eb691b23bad13c436bf13ae354d4236531dbbbda40a7a204ff00f557cbff001a7c5d26997fe18bdbe93c8946a2f66ccdfc4493807f4af66f811acfd806a9a6c2be6adc4bf6a880fe3c9c30fd735e5bfb7e7c32b8d5fe1fdfb5bdb79771a4cd16a36d818c956ddc7be322b9e9c539d99cb4df23d773d1bf657b68b5d8fc4167222477367bbc93fc44373593f013568fc19fb441d0ee981b8be67240eec3a7e9557e0cfc43b2f09268be368e368f43f10584305c639f2e6fef37e1fcaa3f8d30af82bf687f0d78cad3f7908ba5f37cbfe247effad29417358abb773e8af1e41178db42d5bc3b74b187906d8037f11c578ddf69ad3785eff409399352b1bbb1287ac6eb1e40fc715e99f13afd6093ed9092ad71b278e61d067040ac8f1e58437f1693e25b78d2358e4297600e4332e327eb5d584adecea23cbad4f9a0d1f117ec2dfb33c9f1eff6cff86b612c0d2d9e88eb3de061945f24b1e7df2057edefedb5f14e1fd9ff00f645f16eb6b22c06cf4d7820e7196236a81fa57c99ff00049efd9e2e3c08d7dad5d5b42d7379aa5ccb6d2ecf9d616909033f4ae6ff00e0e36fda5edfc37f0afc3ff0eecee1bfb4354945d5dc68d80b1a838ddf5afd6f0f51d78c11f976260a9d4933f22fc0de05d43f693fda03c3be14b72d717de28d66313772519f2e4faf04d7f4f7f0abe1fd9fc1cf85ba2e87671a4369a1d9476caa0601daa057e24ffc1ba3fb2fddfc4bfdb26f3c797b67e668fe1bb576b79265ca899be51b7f5fcabf727c6b74ab1c364bf3493365b1e95b66d5b923c88e6cbe9f3caeca164662eb3cdb59e693f4ae860fba83db9ac465ded128cfeedfa56dc67f760f43e95f3745ddb6cf5f111b2d07428c3ffd54f62c4ededebe9491ed6c9ddcb54ca70b5d1a9c526460e08ef449f2c65bf4a591001efd6936ee6fe63b0a04a572bbbe10566df1c16c56a38daa3dab235996482de478e3f31fb015cd58edc3d8bbe0be74d7ff007cd69988286cf07b73599e0a2eda2ee61b598927dab5b6f96996f9abd3a2af4d1c55e5fbc642d105daa7b1cd363dbf30a718f3bbdfa7343c2b1b03dcd5b5632e62263bb079c649a4941470d4e74c7dde4fa5215cae1bb9e8291431d379cd47b4293f313bbb7a54c0638eb51990138da79e338a008e54ea7b53655231dea561904544ff0031c0edd334151642ff00332ab743ef4c9230a7e515284f941c7cddfdaa36186e39e3ad056e5771b477a8c9e2ac483e461d6abedc05efea2a7949d88a5558ce477f4a808dc79057e9dead10bb769e2abca093f2f4a92b7237652376deb4d77df27aae31e98a7cc58e1718e393e9513ee63b72303ad680c6193336df6aaf2bf9526decdf366a791d64dcdd31552524b76e16b423a9049c2b3372c4f1c555b86da777cd86e3ad58b9273cf154e6384da719159dee595e7667e17a77acfbc90fcc33df9f6ab924fe5c2cdb7bd66dedda823e5fbbd3dea2e066ea170429fe1527f1ae675ebaf2e26dc4f238c7e15b9a9de856dcdd3278ae3bc537820b76e7a8e8693d8d228e23c6ba9ba44cd9c95cfe02be77f8abadaf9922eee79e73d6bd83e22eb6915ac9f4f5af9bfe216a6b7572eb9f9b3deb96b3d0f4b051bc8e575cbf0d2b6de8abce3bd72baa3046f9bd707e95b1ab4a5199bf003d6b9cd56567242f2cddbdcd71ecee7acfb23bbf823a7f91a36a1a8e33e63f949f85744cc59f96c1eb8aabe0eb16d0fc05676ccbb6494191863b9ab2a5953a6e38e4d79f5a5795cf52847dc22bc9953e6da588e94e8ae3ed49b97865e4d366259bb73d7da9cc5492cabe5b32fe759ee74156e9b71f97eee3358fa95df90ad8c15c723d2b5a52cac55bd2b9df108da7af0de9da88ad40e43c71740a3aab7539c579a78835163236ddcdc74cf02bb6f195d2c71b2e73d467d6bccf5ebdf29dbef7b1f5af6b074d33c5c64da388f1b4fe7c72678df5e33e3448de765b89becf6ecd89a43fc02bd57c757388f7af5e7209af31b2b7d23c57e28dbadde476ba4e9aa6ea76ef363188c0ee4d7d6612365747c6e3a69cb567d05ff04f2d3ed752f1549636b0f99676f2c528925e30a016c9fe75ed1f137f6c5f08f8764bcb1f0da36ad7fbcc723818456e4707bd78f7ec1fe3cb3b4f0878fbc511c261b582daee58d71f3246b16d5fe75f3359fc406fec699adf0af704b29cf233debcfad9547135db9ec8eda39bcb0d46d0dcfa3b46f8a4dadde5fdc5e49f68977ecc4672b193fc24d6ff00883e24af853e1adc5d48eab7131daaaadc85af00f841e30b1f09fc3ebafed29bf7d2399238c1cb39ee4d60f8ebe23bf8a829dcd1a32e123ddc75a9fec38b9ad3446bfeb049537aeac8fc53e318fc511cb332aee594907fbb8afb63f60dfd94ae27fd9e352f1c5ddb892fb5e3e5464ae0adba0ed5f0cfc1bf065d7c4bf8b7e1df0d5944d24dad6a089b40cfca0e4d7eec78cbc016ff00b397ec257a6e15618fc3da03b390bb7e7286bbf1d45282a313c8c16225ed1d69743f3dff0067af19daf8c6dbc63a5c259974cbc6861f7da70715e6bf172cce8fe348efa35dd0c910270390c3ad796fec7ff1bbfe115f185c472bb14d56596e1b9e496627fad7bb7c6d45bff0edacb0c388ee8928c475cf6af94ad81fabe2b95f53ee30f8c8e2708a7d51c6da78ee29252d0b2ac9723e6dadf78f4acfb4f11dee9b25cda5dc2cf0b36e2437ddfa5703ac42745d49406f2caf3827bd75c9bbc4fa5dbdc42f85e239bfd8f7aec8e1631d4e39625b56639ac8ebd74c6cf5345c1c7972af2a7dab1df4ebab3b99a1ba67db926427a38e9915a72786e286f9436a16f1cbc6d39aea6c7c556e7c1775a56ada6b5c4cdf2472ae37b2fa8cf6afa7c2d769247c962a82726cf3516ebf34995dac7819ea2a48992c5374664692461fbc1f28515a5ac69160608ffb2e6f3141da5586197d7359ed2470cc8ae4b2af0c00e95eb46cd5d1e5b8d996843f6673bd9a66db9526a5b4824b285e62dc4230a87ef366a3894babab6e689beee3ad775fb39fc2dbaf8f3f1c7c23e15b38f74fac6a3145eb84dc37647d28a9eec6e55aeec7eb8ffc1bd1fb00cdf09fc35aa7c55f1358a2eb9af4296fa6075c982dc80c48f739c551ff00838e7f697b6f0bfc33d23e1668f20fb7ebb30bed4955fee42a7a11ee6bf4bbe1bf832d7e197c3ad274785523834ab5488e0000ed5009afe797fe0ad1f1862f8e7fb72f8cb588e7f32c7487fb0dbb6ecae23e0feb9af068375abf34ba1dd3f729fba49ff0474f831a97c6dff8282783fecb6b35cd9f8609d46f99c0db12afddfccd7ecbff00c157fe2fdbfc15fd8a3c5de22b3b84d3f5c8625834eb80bb254959801b4f5e2be53ff8365be02dd687f07fc61f11350b7f2a4f11de0b5b42cbf379718e707d326a0ff83987e34c36fe00f04780ede51f68d42f0dfdca038c46a38c8fad2c54635abf25b42b0f270a77b9f27fecd5ff0005dcf8d5f06ec23835c9ed7c696898cc77a36ca83d9c63f5afb73e077fc1c59f0b7c6761147e33d1f5cf08df11966f2fed16ff00f7d2f23f2afc58327d92f36ed055973c7d38a856f1a48d986d5e76ed61c5555c9e9bf874368668de951267f497f0e3f6eff85ff1e34d8ee3c2be36d13501200447f6854947b156c115a1ff00096c3797370f0ccb3ed6e76f23f3afe68f4fb89f486fb459dc4d67321dc1a290aed3ea315efdfb3a7fc14e7e23fc049e5b6799bc4167f2aa2dcdc306403f3af171990d77ad3773dac1e69864acf43f7821d6d59bd377ad58b1d41659b69e7d3debf333e0effc17b3439da3b4f19f86350d3db6926e6d5c4a831dfd6bee9f80bfb417877e3ff842cb5cf09ea9a6ea96d75cf93f69449d0fa142739af06a60b114dda513d78e2284e378c91ec966df37eec7cc4631ed56e1427fd66e7c76ac0d375d92de45fb559dc5ab30ff009689853f8d741697a930c295c91bb19a231d35d0e694b5f7752fda46a916f2b92c71eb9a8b53f0c2ea16cbbd54b30e401d2ad695ca333e07a0f4ad0d3c296cfde5f5c5747b1525a9c6ea4a0ee8f11f8a1f09ee21d3eebecd1f9d6f201b87f12739c8af256d7574579adf5065134586b7693e512807956f7c57d9179a609a291895f9871c579a7c56fd9fadbc6f65f2ac51c9c9076d7938acb75bc0f6b039aa6b96a33e78d63c396973e0cb9bbd3e68e78a6de4c60fdc3c9c57cf3a59b5b7f1e2dc6a2cb6ab6fb9b631f95881c7f3af6af8aff04fc49f0e22be8ad2e24b7b3b85e70095071ed5f21fc42d3f54d16feee1d4350864d89e6ac9b8f03be457cf6220d4acd1f5581e59ae683d0a7e0cf0c1f15fed17ad489e4dd470cbe634807de27a015e85f14b57b8f056ada547229fb319d44aac79191c0a8ff65dd2e296da6f115aaadd5b4938591947f10153fed2de1c9fe206af7b6da7b6dbcbab64bcb6cfdd0d19c15ae6de5667754a89cac615ff0088e4f87bf102dd72ab677c7ed16d2ab1f949fe023d3935eadf15b488fe31fc3731c0c7ed56b16f9547f120eb8f5eff009d792f8a7c1bff000b07e1569d316f2750d364d92fb11d466bb3f84de376d174db299d7ce8f0637da7b8186cff003a9a8f91f32337152574799fecf7e31d23c151ea9e09f10306d16e1cfd8d597fd496e36fb633c1ad1d0b52c35e783f5b91ae26d2dcdc69f39e5a4b7ce460f7c57927edc9e1bd57c3de373e22d2e0f3b47b8196299dd191cf6f6ab3f0ebe2fdbf8db4ed17558e45fb558288a424fcd8e9cd7456c3b71f6b1d8aa32527c8cfafa4bc93c43f0e20686469a28e0f29d3192c17a1f63dea8f837c43269da5fd9246fb459de4663756f98363b11d7b7e755fe1b22eb3e08924b77c4ca0b633f78e33599e13d5a213b2dc2b4178b2e42bf7af3e3392770951567167dadfb36f8e7c3df0cbe0d36ad7d75e447a6c0ee15c73c0ce3ebdabf193e3deb9e2eff82ad7fc140354d37c3b6b7d25d5c5e9b41b94f93696aad80d9edc735fa09e32f115df88fc3ada4d8e9b25c7dbe3100f29ff0077b8f196f6aef7f613fd9e347fd896c2faf2110ebde28d6cef9e548c05b504e76eeea715fa66479c4634ef2dd23f39cdf26973fb9d59efbfb267ece5e17fd83be04e93e1fd36384ea11db225c38037dc4bdf3f893d6bb8b0d567d5af9aee66024907caa39da2b85b7bab8f126aff006ebae59ce40cf0b5db787708b93fc35388c74abcee634b011a11bf536ad51ccc99f979cfad6d5b3e47ea6b260e595bd78ad78576a7e15a52472d6d89e34dd19ff0a997e65e7e534d84855fbbdaa48cf0d5d91f33cc96ba0d71b1f3edc62a30c4bf7c74a9d8640f6a66eda68638496cccf9ee26fed268fc9ff47d9b83e792d93c62a9dd26e3bbe6dd8e82b4ee9769acebe4da8c47a572d53ba8c9742d784971a603eac73f9d6a08d947ddcf7eb547c3116cd221ff00687eb5a4efb179af528ab4123cfadf1b2ab8f282ab7cb4d3fec9cf7a989660db9698a70bf76aa46635cfeef774cd311be6eb8a71565ddfc5ea28271ff2cc5496d90919e7f4a4278e78fad3e65c8faf3c5358a94e7ae3140c8de3e3e5fcbde9920cedee7d45485f68c77a68e05004253246e071d31513801f02ac4ca49e3f2a8e4e71d7de82a2559132485f976faf7a64ca2307e538cf4a9e452db82f7a82546033d7b91415b9131ff8083d01a8e57c1e3f954b29dc57e5c54538c71d7daa6424552c76a9dd95c648a849c161fc5d8f6a919700a8fe1e2a16762bbb07e98aa0647349f3f1c646335565e7e6ddb5bbf1f7aa795beea9e33dcd567e14f39da6b426257b86f327f61d6a9ddb2b753ce38156277deec47503a567de49fbdf7c64d62dd8b2a5d48cc9f7be607f0ac8d42e9994aab2b6d39c9f4ad0b9b82e8cabd6b0756b9f2d776de718eb45b4b846c676a5799c8dd96eb9ed5c078d75511c126d63cf5aeb357ba1147bb763039f7af2cf889ac2c70bb678ebf5acf98da9ad6c7997c52f112f9326d6ec475af03f115fb4b74dbb9e4d7a37c4cf102856dbf31627f0af29d5ef8c92c9f76b8eb3bbb1ed6163caae64ea92626c139dc3814781b401e23f1a411bae618332c833d874155f52ba556cb7caddaba9f83363e5d95fea6d905dbca4feb5cf51da373b285e53b1d5ea9324f77b578545daaa0f402a18236193b7afdd14e8ed4cf37998382783561edd9114b2b7e15e64a5a9ed46365628dca8455ff6bad47bb747fc436f6abd242c5c3119cf41e954e7b7688ee39f98f41daa79ac594b50758d4f3cf504d729afde606d382dce4d741adc2c17bb363a571daf5c7971c9bbf039aba56b913d0e0bc4d72de63a0ca853eb5e75e2798acce31d3a35777e24b8c993e61b8735e7de2cbaf95987cdce6be8b051ba3e7f1d2b1e69f10750ff004798fceadfcabc4fc4ac977248bf7558f415ea9f13f55290beec2efc8af258ac65d51aea48f98edc6e624f6cd7d96069ae4bb3e0f30a8dccfa0bf663d797c37fb14fc5abccfef3eccb67183eb2119af9fe245b6b6554236aa05af4cf875a8cb6bfb2478f6d555bcbbabfb65cf6241cd79adc2aaaeddbdbe615d58782bcbd4e3c436d220fb51899d70cc3611c1e0e696391a4217e61c60063d2a19ae584eb1aaf4e403c115346cc1be5da597ae7a1ae9e539afa1f697fc10a3e0b27c5ff00dba6cefa71e65bf856c5ee994afcbe6370b5fa43ff0005eaf8887e12ff00c13eb59d3a29963d43c5573169b0ed3ce09cb71fee8af9cbfe0d98f84f33e97e3cf1ccca563bab94d3e02071f28cb7eb4fff0083993e297dbf56f86fe068654ddfbed4e7c9c600f957f5fe75e2548aa98bb1ead397261f98fcfeff008277fc069be377ed39a2e8305bb5e79313dc4c147dc4e83f5afbebf6d5fd8beebc15f0fef2456786dec2412db6063191f327bd60ff00c1b5dfb3f0f177c77f1c78ca756f2345b38ac61c60aef63b8f35f587fc175fc447e127ecd5a5c915cc505c6abac45047bc76e4b67f2af3b38a2ea554a3b9e9e4f8a7461aeccfc83f11f85f33b59ddc6cdc6e8a4f73eb50784af1fc3ba8b58df6425c0d8e807ca47a8aec355f88da4dea59c9749bae2e3218c677460e71d455ad73c2d1f889639ad6dda43080a1d4e78f7ae0519af7648f6dca9c973459ce78a7c27a7e9cb15cdd5d9db8dc8b10e24c7404fe555eff00c5171e35d3a39228521b8b221540fee8f4ad996fedd74a9b45d42259a75398b69e501e79ae427b9fb1058edd3c88e36c67764eeff0af77034ef1bb3e7b30a9ad913cf710eaf0acd0af9370a7f79183dc75a823959e52d2af5e0051d6a3b68a48ae195da3466f99d8b0c55c85fcd9123fe18c6edd8ebe95ebc743c9b8a6233feef77964fa9e82bf40ff00e0de6f8103e22fedb175e209add64b1f07d819439195599f815f01c2d1cf708d9024ddb590f1fad7ed6ffc1b49f07a4d03e0378dbc65711ed7f106ac6d61ff00ae710ea3ea5ab8f1d55c68b66b875799f737ed9df15d3e07fecb9e38f14348236d334b99a324e3f78c30bfa915fcd2695a15efc59f1ed8d9b0926b9f146a89130cfcced34833fcebf71ffe0e00f8b7ff000aeff612b8d31590dcf89b5382c9549ea81b737f2afca8ff008262fc3097e2e7edf1f0df4c6894dbd8df1d4a500fdd58d4b0fd715e6e05725194d9db5b56923f7c7f648f817a6fece1f00bc3fe15d32dfecb6f656e19940fe26e493fe7b57e1a7fc170be32ff00c2e2fdbffc416f1dc2cd67e1b8534f8573f2ab019622bfa06f10eab1f87fc3d797926163b1b67763db6aa93fd2bf971fda47c68ff143e3f78c75d62ac353d5ee1d194f5412103f414b2e8f3547262c43b4343899e4686445c0eb80d9a724b1976f31f6f38f6cd47332edf2d9b8438047249a8ef0b5a40b33465a32700e3a9af6f73ce5bdc86ea5586fbcb56c2b0fccd58fb74573e617b556dc402ca704f150bc71de26e75656ceec81d2a481c25a48029cf18cfd2ab9477448cb1ef8957721c743f30033532f88753f08a49268faa6a7a6dd2466456b4b968cab0e8460d57b393701238c32835475e9a436170f1c989361dbc54ce09ab32a3369e87f4d5ff04e9bebdf885fb047c31b8f13bb5e6a5a9681035d4939cc92965fbc4fa91ce6bf1fff006a7ff8286fc68fd9dbf6c0f88de1ff000df8cdbfb07c3baacb0d8da5cc2b28118c10bbba91cd7ec57fc139ae97c43fb057c25b9da15e4f0cda7dd3d08880afc01fdb96cae2c7f6c3f8af0df06926875a9e20c46377715f3d470b4aa5592923d6862aa5385e2cfdb0ff00827478cfe207ed4ffb22f84fc7da9788ede0d5b5a859a6b73683c9c86238ee2b33e36ffc156fe1afecd5f152e7c13e36d5350d37c41a78027686dbcc81ce07ccbedcd753ff000471b36b7ff8274fc31fb0cb0f93258ee955864862e72060d7e3dffc161bc532f893fe0a1fe3afb65bfd964b099add4119dea3680c3ea0035853cbe94eab8ad2c6bf5c928f348fd2cf881ff05ddf833e19f075c5f68be2097c437d0e08b14b631cb273ce33c578aebfff00072568a2ca6163e05d637e0905e550a2bf26ed6da1ded3298c330f986319e69b38f3e19635db1f998e0ff17d2bb3fb169ecdb3159b5b648fbe3e347fc17d7c5ff1134692d749f06d958ac89832dccdb8e0f715f2578cbf690f18fc5f5f117dbaf2ded66b8d2e53035b8da158722bceef6f218b4c8d1b76f55daca1738a89a271683ecf26d6652bc8fe13d7349643854efcb7368e7f898ab53958fbe3fe0901f1117c61fb3eff00c23f79348dab217694b9fbcd938fe55f425cf87eeaf35cd36e3f74975a4de3c2ebfdf89f191f9f35f9cbfb017c6aff008525f115a069155af008c331f9430e40cfbd7e86f87bc731f8d755d3f55b0e97ce90dc459ce26ce383ef8afccb3ccb9e1f18d25a33f43ca31cebe194dbd45f8ade1ab1f0030d6ad7ca6d37507f22f616fba92f661e99af35b60ba06bc6c6d06db7d41fce84e72236eb8fa1af5efdb3fe1fcda8fc09bcb8d3e67855ae52699366e313af0781cf7af1ff008737b0f8bdfc3bc25d4cb34705ca46d866cf195af3aa61db76b1ea50c4251e6b91f8b265ba17565796be616189ed64ee0ff12fd6be5df17f81e4f857e2c99b4b76fecfba3bb60fe0e7a7e15f607ed5be07baf0978e6caf61dcc56df691b70783d18578678f7427f105a1be8a1dcb9fdec47aa1ff000aac3c5d37c8f63a79a135cf135fe097c79bad1ed6d641337990900445be5703d6bdd13c51a6f886e23d63ecaab9c12b9e51bbfe15f19d9e93a9e81a99b88edde4b747dcc40fbbcd7b9781fc66b2e86aa5f891410a7b1acaae15295d6c5fb4d0fa5fc19e2c8a5bd8dad709e60e47bd7bbfc3cbbfb4c31799b46e3cfbd7c9bf076f25bc7b7c166dbd462beb0f858dbec22f97e60bdebd2c3c5a563c0c534e573d4f448fc96c71b71c0aebb46b75b7fbcdb8374f6ae63461ba3fbbfc3d7d6baed1d3ce8d73debd5a11b9e262a5d4d8b38f73aafe95ae918c2e2a85932975feb5a56ee3d0ff008d7ab4a3d4f0eb32724134f4f963c119fe94d53b978a964188bae5aba8e017ef47c77eb8a8643bdfd3f0a9a16c71d3eb50b2b6e3fd7b50671209465dbbe6b3b53c794707f86b4a71b9b8ef59bac0d887e9815cb516a76d1d19a9a1a795a5c23daae38c8aafa7c7b2c205c1f9579ab55e941e891c951de442f160337f78d22af3dea67e50d440e17d2b427a10edc039a6b36dfbd9c74a918ed07f4348090067e61f4a99088a5daffc583d2a3750a3e5ead531231d33c546cf964e0fbd495cc301ff00eb81da91903f5ed4f74dbb88f9b3e94d2c401f29e682881a3cb77e98e29af173fc5ebd6a663b58f5fca9b9dc08c11c7714015f196f97a7a7a543340bb9baf3ef53b7ca4fa7ad326196faf140151d060edddc7514cd8567f6c54cd094ddcfbd326caf6dd8e38a560bb32986c9386e9d7dea393e51d7e6f5c54cfc4bf77ef75f6a82e01ddfddc738a68082e0f18f6c66a9cadb376d0de82ad4b2f1b94f3dc1154ee4b142376189cfd6aa4ec35b94ee5b0b9c9dddeb3eee4e3dc8c8abb72f83c7e3deb32f9f69eabf274f5ace5b976b995a848cd9c9dbeb585abce554af19524e6b5afee079adb8b7e3c573dac5ce0374e4e052f21c4e7bc43751f92492776735e2df13356db1b28ddb5b38af51f166a212165c6081c115e1bf14b58cacdf3a8c74f6ace5a1bd3f88f20f1deae64765da7e526b84d4e669158b7dd53c8ae93c47a8fda26676c64135cbea2e4a9c37987a9f7ae491ec53d8c5d62e54c3bbe651fcabd3be18da7d87c0166491bae097c7ad796ea6b90caa3e57e003ea6bda34ed27fb33c2fa6dbe3e68a15240ed9ae3c55a30b1e860359dcb9636ecce236e777e95a22c58a30653fbb3c7bd47a05879d2c6b82bdc927915befa7e5f6aab37706bca933d996e72fa85ba88f6e32c39fa565b47e76e123608e78ae8b57d35a125971eec4f4ac1b88b631dabcf724d21c4c2d4a128b96edef935c178b3f7536140ce32735dd6b174c0156206727e95c1f8b3f7caccac1b03008eb5b51dc8a8799f8bd82dc7dd0377a0af36f13dcecf336e5403d4d7a0f8e27314a59bb7415e65e2cbf8de2901600fa63835f4f808b3e6b32958f20f89d7ad323fd4826bcce79a40932c6cc2365f980fe2aefbe25cbb5d7e60dd7201eb5e7769739bb9829e3078f4afb8c24572247e7d8b95ea33e93f875a6595effc139b5258b69d5750d55e69401f322c5ffebaf04bc8fe656525b772335e89fb28f8925d4f5ad4bc1b752edd2f51d32eee2253ff002ce5099fd715e7b710b4564a37fddc8ce3a5694fdd93461525748cf71b2556fef1c60f6a7dc4de4ab36176eded51794c6546e4aa8c9cf7a75c7fa6ab2c60ee61b557d49adcc56e7efe7fc105be1e2fc3cfd81bc37248a219357924be95bbb6e27073f415f9b3ff0005baf8bb1fc4ff00dbeb5d8c379d6be19b48ece25cf46c64feb5fabbfb2704f809ff0004f1f0d35c6db7fecbf0ec73499e39281bfad7e0e7ed3de3b93e2dfed19e33d6bcc6dda96a4c911c67772157f5af27031bd795467a58af7694608fdb6ff836bbe10c7e08fd88a6d7bcb4f3bc4da9cb724e39651c004fb5783ffc1d17f10d6f7c51f0d3c1eac192359750963f4eca4fe46bf423fe0965f0797e06fec43e01d17caf266fecd8e7997fdb7018ff003afc7bff0082fdfc5b8fe27ffc143354d3e1996587c27a7c568817a2bb658ff5ac6847da625c99b547cb4523e3bd17538ece168ae231242bca27756aec342f88775069325ac733c4c306228df77d41f635e7d710e7f791bb65b00923fa569e9729b49155cffbdc57a72c3c1ee8e1a5889c53499a8b34c97ef72b2664ce7e63f77e945c4f26a0ed248079981c8e98a34cb217f3339902af539eb4eb5da5245f9b693c557b249681ed1bdcb567240f39407737fb55770c91b370cd21e33db1541f4afb3234dcae791cd4c25df6f0ed66562f8c75c8a7ca8226822ecb092465c8405b047deafe923fe0915f0793e0b7fc13e3e1de9ca9b66d434f1a9cc48e4b4df3ff00222bf9ccf0af87e6f14f8834cd1edd1a4b8d5af21b38547de6691c2f03f1afea97e10f83e2f875f0abc35a1c7f2c3a3e996f6bb4ff00b1181fd2bc4cd6568a89dd835bb3f2a7fe0e56f89ffdb1e3cf873e13b59331e9b1dc6a33a67824ed5191ed5e7bff0006ea7809bc6bfb646bde22997747e1dd1cc4808fbaf2363f90af1bff0082b8fc7b7f8d9fb6b6bdb5b7c5a23c96109cf017cd3fe02bec6ff8365fc0ccba1fc4cf1249185f32f22b046ff75727f5344e3c9852af7a87e817edc9e393f0dff647f885ac2b6d6b5d1e729ce0e4a115fcc27da7709ee26f96491cc9d739c9cfeb9afe877fe0b7be3fff00840ffe09e1e34756f2e4d504766bd8fcec0102bf9e99a0b51601916466400618f0d4f2a8b507227172d9144bc972e645dab1b720e2a4dd2384f9b6a0e541feb50cf78ab1a9dad1ae71b474a6bbc9221e3f779e4e7a57b0719600f2630d9fbd952a3f87f1a8d9a464d80b091792314d11a5c1f2fcc65cf07daa78a65ce19be6618381d280196d366d77060cc3a83da9d7f6216c66660acad133641e7a54105a88be68f326e27827a54fac5becb59b649f3342d919e071da8e807f491ff048dbc6beff008270fc2391cfddd1238f3eca4815f89fff00056cd15bc33ff051af891671b7eeaf6f4cec87a6e6507f957ed57fc11fcffc6b6be138edfd92b8ff00be8d7e3dff00c1692ca3b5ff00829a78de365f9dd219d4fd634af0b07fef123d0a9fc347e9f7fc1013c66de24ff827b68b66cfba4d0efee2cc7fb2a1f207eb5f9fff00f0707fc135f02fed7c3c4d1b2c6be2646263c7df6544e6bec2ff00836efc422fff0065cf1769fbb77d875e7381d177a835e7ff00f0732f80a2ff008463e1df893ca6668af9ed5dfd3727ff005a953972e25a2a5ad33f212e04626dcac7e55c74c6ea645146e7f78ecadd403561d90dcb2851e5e7e507ad569176ee668f39fb9835ee3ea797cc579e433b79417a9ce73c6054fa946241e67dc2ab8da0f07914b259ac771b9cf97b940183d78a7c3b7215caec23bf6a9f41f311d9dab58c69fbbc2bb64c80fcc0fa8afaeff616f8f1716535969b7131f3a0d4ad8267e604070431fa8e3f0af93233e6b8556f9460e0f4ae8bc01e3ebbf006b96b7d68c15adee52565fef8561c579998e5f4f111bc96a7ad976633c3bb27a33fa12f8fbf007fb73e126a779a4dbacd35d5b2dc98b8dacc1727f035f97ffb3ceb125bf8dedaf74d852dd63d6a3592ddfa41396daea3fd92dcfe35fb51f0475bb5f89ff01fc39a82a2bc3ac68f14981d32d10cff005afc359be265bfc15fdb9bc5de04d52cfecb66be2c31db4e87a379d95c8feb5f29532be69fbab63e870b9b35071933eceff82a86a775e13f867e16f11d8e970b5c5bca61d56171f304c0391ebedf5af876fbe27e932cf25ed848c21b8f95e06e761ee2bf503fe0abb63e1fd1bf664d1f56d523fdd4d2a47330fe2531f523f0afc77f889a6d8e97e2eba3a6dc2ff67cef98c21cfca4706a6395d3a93d51be1f36a90a774ced3fe13a874db8c46c3c99befa37439a5d1bc410dc5ef976bfeae3941500f435e33a8788e4d2ede5324cd2470e704fa574dfb38dfb6bfada8919a4467de3df9a31594469c398edc26712ab3e56cfbafe06bbedb42d9dcc06722beb0f86418dac6db6be67f831a3afd92d5be6ddc719afa7be19c263b58b03af635e02a696c7a1564f73d5343849c48338e98aec7428dbecfbb0bcf4ae53c3f9da33b7763eed75da37fab0bedebd2bb68c6c7938a91b16b1088f5ddcf7ad085793fec8fcaa8d85b3337ccdd2b4215ddfe7ad7a94d687875a44db9651e8d52754ef486100e7f954c170bb6b638798649cedf619a638f97914f917e5f979ed4c9d582e33404772bca1739eff00a0acad606d453d8b56ac836a8e73bbd6b3b508bcebb853df358cf56755366ec0bb2d97fdd14e0723a52a80a9b7d29a1b3d1b6fa0f4aee391ee0ed843f4a8d9b7fddc671cd3a48ccb8c3605471c7b4ee21b27ae78ad16c21655dc3fddec2a31f77fdee952b26c6e7ee9f4ea69876f96a338c1fca94808b6e50f6ed4138f5c539f92483f2f403d4d3598743505244780bfc548e3e6fc29d246a5475e7d3bd34a9c9dadb87a1a0a18eca083fc5da9ad26e3f4eb4e64c91edda9ae9b0ee1d3b8a0089c06e3b1a865f95ea691700e38ddcd42bd31b7afaf5a00648329513f0f52ba330c7ddfc3ad42c091c329f734019328e33b79ce739aaf2cbe61f4f7c558760a7bedf4c75aab27cea7f4e6aa2057bb9704e0e40aa3752e53a74ab33e038c9c37f3aa37458b1f9815cf27da890e3b94277debc05dd9acbd4246452c41f5193d2af5ccbb432ff17b5626ad72aa7f423358dcb33353bcd8ad85cb377f4ae5f5cd470bf3615b047d6b6354baf214ff0011ec7d2b8df16ea5e4c2cdb81393c5252b95138df1aeb4d1dbc9f30c8e315e01f1475a321914fdf3c601e335e9be3fd736c732eeead5e0be39d63ed770d9cf24f7acaa499d94637672fabdc0077375cf4f5ac1d4ae0b458fe1cd6a6a32f9a323900e7a573da8dc6432ab1f98f5f4ac4f453b22cf83f4cfedef1be9f67fc1e6798e3d42f35ed05ffb43536da36aae140fa579cfc0bd27ccbfd4351c67ece823463ea6bd3b40d3da48b9e431278eb5e5e3a7ad8f672f87bb737bc3da5ac63aee3915bd269a645f938931c8ed8aafe19d39d625dc8393904f5ae8a18e389d8300f9e3078af2d9e94b738df1259a791fdde31f8d703acdc7d8e6d8c377a7b57ab78a74b6ba8df60456af2ad764ff004b6dcbf38ca91551b5ca472de23bcdbcb2fcb8e0d79eebba92c9bf0db71c62bb0f175e38ddf3153dabcc7c49382f21e3e5193c75aecc3c7526a34d1c4f8e6e3cd66663c73f8d790f8c2f4ab4bb4741eb5e85e38bb261639c2e33d6bc77c63abec593e6e1b8c0eb5f6196d3be87c5e6f56c79c78d2ffce99b6ee3b490466b96d1d4b8ba9b76768e07e35a5e2ebdcb48cacdf31e0fad4e96d6f69e1582155db7121dce71d475afb0a3a4523e16b5dcdb67a9fecb9f19bc23f04fe1978c357d6347fed6f14dc28b2d338e6359060b03f8d7996ae5446db61913ccf9995bb66ba7fd90bfe11b83f69df0baf8c155bc3fe719254232b23a0dca08f42451fb43fc4ab3f8a9f11757d5f4fd3534bd37ed0f15b42a36808189071db8ace2ad55a4297c071307c8aa8a1bd7d87b5761fb3af81dfe23fed07e0dd036a9fed3d56157e3f843027f9571ea8eb06d638dc7231e95f517fc11b7c2169e32fdbc7c35fda31acb6ba64525d2827a480614d6d5a5cb06c8a2af348fd4aff82aafc4e1f017fe09f5aa5bdab79135ec50e9b6fb78dbd07f215f8bbfb2bf812ebe32fed37e01f0d92249b5bd72dd66cf394de19bf415fa3dff0007177c4a5d33e18f817c26b2155d52e9eed821e4aa74cfe75f30ff00c10a3e157fc2ccff0082907856468b7daf87ad27d498b0e1481b57f1c915c384b470d299d788f7aba89fd0d6a1ae5a7c24f8497133fcb6ba2d88038c05dab81fcabf987fda23e235d7c63fda17c6be26b9937aeb5ac5cdc027baf984019f418afddfff0082d37c773f033f60ad72f2d66686eb549d2d236ce1b93938fcabf9e6d304d7091b32f991cca59f77de049c9fe746574ee9ccac74ed689a11b65d1a32a769e01ab1032dea6e65dcc588eb55f4f8130dc6d20e013c60559b5b75c2f9927971824123ef57ac707317ecad8333e5b6b460007d6a7b6b7ccf1ed5c3499e6aa42aa6d5a46dd22e480c47deab569fe90e1a3c8e3246efbb8acdf62932fd844b2c7e5f2cca707353da4f8bd58bcb5dc3919ee3daa8c48633ce57764e56b4349fdf4aac76b34676838e6a64ac5f31f427fc1313c009f143f6f3f867a5cd6fe643fdac976777f088be7fe95fd247c41d717c2de04d6b506f952c2c669f3e8150ff00857e11ff00c1bebf0f7fe139ff00828343a93ac9243e1fd366b8c32fcb1b101463f335fb15ff000511f1c7fc2bcfd8afe236a8afe5c89a34d123671cb8238fcebe6f309735748f4f0b1b42e7f381f10fc54fe31f899e24d624904af7da9cb326ee70bb8919fd6bf6f3fe0de7f007fc225fb0343a9c9b1a6d7f55b8bb2e060ba86c0fcabf06de5fecbd3e6919429914b13d4927ff00d75fd2a7fc12fbe18afc25fd843e1be93b55643a547732f1f79a4f989fd6b7cc7dda4a22c3eb36cf95ff00e0e60f1b7f607eca7e13d17cc656d6b5d51201dd5509ff000afc52cfdaa75c01b73cf38c0afd50ff00839e3c78b71e3ef863e1a337cb6714fa9cb183d49f917f957e554b334819b6023a90062ba72f85a8186265ef8976d19b9f25a35da17343c8b6ecbb72fb782a7ee9151fcb34b1c8ccc3b608e944aea8fb3f85fab3d77187321f911abcdf28566e157b5351240f23658061f2903a9f434a90aefc45dc75cf4a1677926dcafb7fd91c7340b990d88ca1f6baa8f33fbb56a7ff008f2b84fe1f29b00f6e2988fbe55664c3639f7a65e9c585e1f9bfd4b12c3a0e0d1d014aeec7f4a1ff00049ed3ff00b3ff00e09d5f09631c2b6870c807fbd96feb5f903ff05c4b50dff0536f143460893ec96e492783fbb5afd98ff826f691fd89fb067c25b55e89e1ab339fac60ff005afc66ff0082d35fa5f7fc14f3c62abf761b48149f4fdda578383fe3b6cf52a7f0d1f607fc1b377be6780fe295aab1645d52291474c652bd1bfe0e33f0caeaff00b14e997dd5b4ed6e0901f4fbc0d7977fc1b451343a1fc50e9b7edd09ff00c76bdd3fe0e0db092eff00e09ddab4d1ff00acb6d42d9811ea5f159cbfdec23fc33f04b522ace1800f9195edb6aaa40b24ca7a7cbc8cfde353cff2a36e5f988c81dea1589e628cd85e7d7a57d11e4cbdd7a0e9a3611f98cbfbbf4f4a59a4871f2aef5c676d42116346567cb6ec806a46816d9c7de566e49ed40733b096d3c2b36d65645601baf4a95236d47288db7e43823b7a7f2a8ada2795df71dbb7f8b1d456969965e5249247f3332904fa75e687e654753fa30ff8240f896ebc51ff0004f1f86b71792799347a7f925b3d76b103f4afc8bff828a787e3b3ff0082aa7885628f3e778a6ce46e7072590ff5afd61ff822fc617fe09cbf0f1549ff0050f9cffbe6bf2e3fe0a436e5bfe0adfa9ab2fcade22d388fcd2be7e82fdec8f565f023ee9ff82f2ebd1e91fb1df856c9dcc7f6cb80ab8ef88871fad7e3b6a9236992795b7cd8f601b8370a6bf55bfe0e2ed51a0f825f0cb4d4dbfe9534adcf6da918feb5f94377712a62368c36e38249eb5d183a69c6ed0ea5471495ce63c7faf2e9be1d6b6e5a6b9214719efeb5ebbfb23d8f9577064ae7208fa715e0bf13af5aeb5fd3ec638c4614866e7ef64d7d09fb295a6357872180278e7e95c39c7bb49d8f5b2597355573f40be0bc0cf05bb71f28e95f4b7c384905b46d818fe55f3bfc1bb6db610eefbb8ed5f47f806358ed13ef0c8038ed5f0b1bf53eb6b6e7a3f87432c98627381835d869a5a093a29ef5cae88b955dabcfd6badd3917cae37656bb289e4627537e060173fdee9572d70107d6a8db61917daafdb260f4f7af4a9ec78b589d5b3c0fd29d35dc76e14bb6ddc7033de88d76b31c638a8ee6c63bcda255f3361dcb9ec456c713260c36fb75a86456c75a91f88fa7e151cc0edc668608867396ff0076a8d9c3f68d65782428cd5e9d801f4fd6a1d162dda9ccdfdd5e2b1de675c6568dcd4719dbfdde734edcb81d39e949ceda6ac7944cf1b4f7aee38f511caae36e29c46450e0061c7d28a3601ae84a546c8481f2f6e7dea6a47fb87e957102b1f993728e14e29b21e7b74f4a9304fdd381e87bd46d956edebc8a5ca544696f9734c66556e29ecb8c7a75e29aedbbef719e3a548c8dbef507914ee186d34d230587a7e940c8642c8338f97bfbd340ef4f906e7f6f7a6390ad4015df3bb914d2aa873eb53cabb97f0a8986d3401ce5ca95186dcd8ef9aa9340026771eb8ebdaaf4d2021b71e9c1f7aa33c41dbf8b1ef55102acff00272791d79acdb976f9b9dbb79e3bd5dbe76d9f798e7b01599759c7de5dcbc0e6a24ca5b19b7d37cc599be7ec7d2b9ed5ee33f37191d715b3a9a36c6dacb9ef5cfeb53e368e391e9d6a0a30f51bc50aca4b02dc83e95e7be39ba64561e62f19393e95d7eb774638199b8c71cd7967c40d47cb591777cbd314b62e2799f8f753df039dd8ea4f3debc5fc43705eea4dc7e607bfbd7a378f751ca38fee9c6477af2bd6ae84b23907386e7deb9a4cefa1a3b9937d298d3239e3919ac1d5594b16fe2c71cfafff00aeb5afe7df060b056278c5638b77d5752b3b78f199a654f7eb52f4573b232b9eb1f0b347fec0f03431edfde5d48d236475e2bd47e1fd8009f32afcddab96fecf5b76b4b68dbfd4a05e0f5cf535e81e0b84aa2a851b94024fa57818a95e67d2e115a958ec345d1a378970bd0f1c55e9fc251dfc0d1e76c9d72075ab1a0dab794bdf91ce2b5d1151983b75fceb28c742e53d4f34f1468b2e90d2233ef5c71c5796f8a348cceefbb737d2bdf3c5d602f57e61f7b3f2f715e63e28f0d791f7518aeeacdc7536a72478278cb489159b0c1473d7ad79478bdfc9320e3dabe82f1c691be46cc7f2a939f506bc4fe21e911c226f95b2b920ede2bd0c36ba1159e8782fc45d59915d080b8048cd78678d352de6693773dc035ebff1c557c9664dcb22f735e03aedeab2cdfc5cf39afbdcaa9fba99f9c67552d37139bd47fe26bacc30f6c8c8cf6ae83c53a7b58cb6eea57cb701540edc566f816cbfb47c4135c37dd8381c56b78dacae6d16d649b77973731e7b8afa18cba1f332573dcbfe0989f05347f89df18f5fd6b5f8567b1f07581b811b0ca1623a9fa578cf8f353d07c41e31f130f0fc7243a6fdb1fcb467ddc863c8f635f4a7fc13eef6dfc0bfb26fc72f125c0f9c59340307900a6315e3ff00b20fecc1a3fc56fd9f7c77e2ed4b575d3e4d061cc51893680dc9cb8fd2b92152d59b6692a6dd34795c7fbc836eec055c804f5fa57d81ff000437d19754fdb2b509b9ff0044d219941f526be3e811a5b6db215791b90546411ea3f0afb57fe084a3c9fdaa35c6f9b72e938ffc7aba719fc16d7631c3ff00111b7ff05f7f114dad7ed2fe0fd30b621d2f482d1ae7ab330c9af4bff8366fc1a8ff00b44fc44d61d91ae2c74c82d5541caaef6dc71ee6bc3ffe0b877ccdfb6adba7de687468f18e71935f50ff00c1b21a098746f89fe20739964bcb7b6c9ff6573fd6b8e5eee08ea86b893bbff839e3c7531f831e03f0bc72796ba85fbdc4a8a7860abc71f8d7e47c302c30ab293f28e501f6039afd19ff0083957c51fda5f1bbe1ce8eb2b663d3e598a8ef922bf392d1d6291b6b0f94f2b9c64d75e5f1b504ce7c5caf549a0db7cfb7e66cfaff000d685a9572ef232fcb84dc075acc2fe4baedf973cb0ad18c1855d4a32afde00608cd769ce58b291618a68d959c6e0460f02a69196cecf70dc39c74c6efc6a381a4fb3b26d5f3187cab9a995cc90a2b0059b8287b1a963e6268079366854be18636e738ad2d0645595bccdc1bee038e33eb593136d9d4331545fe002ae236db5936ab3614903a853eb4aa1713f61bfe0d99f847fd9d1f8cbc5f2e1a4bd885b2b139c0f30e707f0afa23fe0e0cf1e49e10ff00827bea76d14cd0c9acdfdbda7cad8257764fe82b5bfe0861f0457e137ec27e17bc92358eeb5eb54ba9323e63b896e7f3af9d3fe0e6ff008a2d69e0cf875e0f8df2f7f772dfcabeaa8b8e47e35f2d6f698b491ec7c348fc9ed06c24f15ebbe1fd34ee2ba8eab6b661427ccc1a551fcabfaa0f871e1b8bc27e00d0b4b87e5874fb1860518fba15001c57f353ff0004ebf029f8affb79fc25d0a3413c4fae2dd4a87a14894b9fd335fd2c78e7c411783bc11ac6a52158e3d36ca59d8f601109ebf856d9a3bce3033c16b16d9f82bff05f7f89b2fc47ff008283dfdbe55adbc3ba5c364803670c497fc3ad7c5256e18111e1778ce0f06bb1f8fbf132ebe337c72f17789ee6669e6bcbe65576390eab802b87b9b96cae0f038c83c57ab87a7cb4d44e1adac89587961564f5e413d29b1daa5c4df3cd2a1c1249e87d3155e2659e5219b6e7827d29d218de4dcc646d83e51bb835bd89b6849736be5c6c55958c78dab9fbd4d9ae19cab2611986781d3eb51955b79beffcc4676f5e6963b6630bf97f3639c67903d28b01337fa32ab3bb3bb0e4ad3f53cdde8de4c7b945e32c1c7fb440feb5145b9ed5be58f729039eb5b5e0ab03e28f1c786747b7591ae752d52de150a376732af14a56498e36b9fd42fec9de1dff008453f664f87ba581ff001e3e1fb188fd44295f845ff0569d756fbfe0a27f11bcb55dff006a54673ce02aaae3f315fd05f852c5740f086976aa022d8d945181fddda807f4afe6fbf6e5f1a8f1bfed91f12f524d9225ceb732a153c8da71fd2be7f2fbcaab67a75b4a68fd0dff008369ecdbfe110f89b71f31dda8c4a33d385af75ff82f98f33fe09d1afae42eebdb6e33d7f782bcabfe0db1f0e7d8ff00679f1b6a8ccc5afb59d9cffb2b8aef7fe0e15d6174dff827ede43bb6bde6a76ca9ee77e715153fdeae870fe19f83ba92cb752c992b1b0181ed8aaa5e44dabb8b239e41ed56ef774dbd976ef6e4e6a18ad230c03798cacbcf15f428f2a7ab21b785a79a42aaa1636fbbe86af5a586c9d9a69049c656a64b18dd4b27cabe9c8e4d3c413c419b6eef2fdb0b8a60305c7d96dd5163466989392bcd5cb5b6645668d919b61dcb8f5aaf612e666466ca1e320723e95762b393371b5582329dafd08c0ef44b63489fd0bffc12034d3a6ffc13b7e1daaaed66b32e463a12e6bf2cff006ff8ff00b5ff00e0b0b7503fdd93c51a747bb3d394afd6cff825de96da47ec13f0be161f37f63c6edef9e6bf25bf69766f13ff00c1649a140b297f1bdb2f3e8ae01fe55f3f8776ab267a528feed1efbff07266b5e5cbf0874bddf2aacb2119f52833fa57e6ccea90de46adb4f99c29519c7d6bef9ff83847c4e9affed5de11d176b48345d084aaabf743bb6467f2afcfdf126a91e8ba7cf71246abf2b60138d8718aedc2a6a9dccea6ad1e71aac927893e235e49348acb6927911955c02057d49fb2c582a4d0ee0a5976819f5af94fc236d24f7e971d0c926f61ea4d7d8dfb2dd8ff00a4424aaf4e7d8d78f9d4bdc3e8723a6b9ee7dc5f08e158ac2dce3e6006466be8df02736d1b6df9463a57cf5f09a2cdbc3eb9190457d15e04cada26301b8ed5f1d189f4b5247a268a9f68119fba78c575da487909ddc301815ca681b9645dc0fe15d5e9f1fceadf363ae7d6bb299e4e21d99b56ebb78fef56842831d79c551b66ced6da2afdbfcc7eb5e8535a1e2d765954f76a6942536ee61ed4e04efc638c75a756dca7191244cabc13b7d0d35d33bbf0a9ea390fdefc2a6512a253906e6fa51a02866b862dcb3e2898b07e338cd3b424ff004763eb21a9a6bde3a24fdc340f4fc29590375a43c0a75751ca460ab0cf65a456ddcfad3dd376df634928da33e9400941e9481b2696aa2047e4861bb95a865f9bf2e455aa8582c6c73d7b55010c83628e3a534ae07cddb9a91c02f91dfbd31908fbdf37a1a86044dd786a3f84fcd4acb83939ddeb48df75a9157d08cc7bb1ea2a39107cdf4c7d2a4070bd0d30b7a8c50511eef97e82a266dc73b735315c2e73c547dfd7e9401ccc9210a37723b9aa776181fef0c62ad3b96976f6248aab7df2b49cfddc62aa2067dd3658f50c3d2b2ee9f08c59579fd2b4e61bcfa67ae2b22f63064dbdb27bd6720e96316fa5f94fcc706b96d5e768df0cbb864815d2dfae1a41d97a0f4ae2f5cbc918fdeec6a4a89cdf8a2eb640df37cbe95e41e3fbd090c8b9f9b9fc2bd2bc673346ec07719af1cf8953b625ff0077341a6c8f29f17df6f8c863cf27835c0eab7126ce0f5e0d751e239996475ed8ae4f5038f3bfd9c63dab96477d07a18fa81c40ca47cd9f96affc1ed3d755f8876caca192d51a66e3a63a5656a6db7e51d3ad775fb3e5bc696daddd045f3d63da1b1c8159d59354cefa093a8a277da3ff00a5ebbbc9e9d7dabd4fc2167b963dbe9d7d6bca3c27334976bbbf898e78eb5ebfe0d90f909fec8af9bab2bc8faa846d0d0ee74487647d307157a5b3f32653d5877aaba39f90fd056af985e293fe99e31570d8e593f78e7b578fcd46271bba66b8bd7d232cde6361d571f5aefb588150b63f89726b83f1046ad71c8fe1cd672dcda9bd0f2ef155bc661998ed6da0815e1bf14562104c31ced3c57bdf8c6055b6ce3ae6bc1be28a858666ef8aedc36f60abaa3e48f8f970b009be6cc6c48c7f76be6ef125d324127395dd902be87fda35419e45edb89af9b7c48b8b965fe124715fa46531fdd23f2fce64fdab3a2f07e9bf67f0cc2dd26981918fa8f4aabe339ee8cd6ab2b32c283e406b7aed45a6976fe58dbfba5fe54df8ec8b16b5a6c2aa1635b3490003b90bcfeb5e8465ef9e4ca3ee9ecdfb2748b77fb0ff00c7bb5f37256c92603f0adffd817e12e97ad7ec03f14afb5476586fa0dd2be7182aa587eb5e79fb106a735c7c2cf8e966cfbadffe1176729d8b0ce09af52fd9ca56b5ff00824e7c4268d8c6cc9102578ed5c751da6d2ee7450578a7e47c89e1a921bcb08a0450ccab8427b81dff002afaff00fe08aba81d23f6cabb81b6afdb34a618e99c1af8cfc34b81678246d60063d315f507fc12fefe683f6e3f0bac723209ade647c1fbc315e862ff0082d1c345fef91bdff05a59a4bbfdb8eed4fde8f4b897f035f6d7fc1b2d7719f809e3bb59235ff90c8249ee760af887fe0b3370cffb67ddb1fbcda4c449fa715f61ff00c1b88e62f80fe3ada718d5636fc485ae3c469825f23a68cbfda59e45ff0007146ae57f6d9f0fc2cea7ecfa128007f0e58d7c311c4a863fddef181939ea6becff00f82ee2fdaff6f29165fde04d160dbbbb75af8ce285627555fbac3279af4b06bf71139313fc5658b7e3e66051a4618fa55a37aca7c9e5a0ce5b02a1b3886a20f9b93b738c1e95603fd9c88d40dbb41e95d4f4305b96155599554b2c6bce4fdefce9f797bb9d847f32a602923ad5492e648b501b58e0638ab91c85e0dc7ae73fad0f44597241e6ca844dbd78009e2ad59dbcba9dec3651b3ac9792a5baede73b980acdd3dbcfdccdc956e3dabbbf80f6314ff1cfe1fc4ebba3b8f10d92c80ff10f347158d5768365c1fbc8fea27f65ef0aa7817f672f04e9489e5fd8f47b58d976e3911ae6bf177fe0e2ef892de2cfdbd34fd0d64dd0f877438c1e72237725b9f735fba1a3a793a2d8a2fcabe42600edf2815fce0ffc16075ebad6bfe0a81f1361b899a48d2e228c0f454401457cee5f1fdfb91ebe274a563d2ffe0de6f01c5e39ff008290daea4c24917c2fa35cdda3e3e5467013fad7ec4ffc14f3e20b7c34fd82fe276aa922c32268b2c2ac4e3064f93fad7e69ff00c1b03a45bbfed07f156f0c6bf68b7d2ada38dbfbaad2367f3c0afb23fe0e0dd5ee34aff826f789a382468d6eeeede1940fe352c322a317ef62a29850d29687f3e9a58feccd12341338f3599873d4939cd2c92e6c183330f30f031d0d5ad2ed239e3dacbb963872a3d2a85f4ccb20887fabdb9c57d0c56963cc97712d26916d59b1bfcb38c1ee29677f362f3208d95b18c76155ada468ada7c31f9704735a1a7c4b2da47bb3f339cf35761733214ba92161228cf003e7f2e2ac2431adcb02ce5b6fcc73f7a991daa240a39e5b1c9f7a5b3959ee6653d36537a2d03744f6f82fb0c7b587a7f5af65ff00827278197e24ff00c1427e15e97b64923b5d5e2bb957b108c187fe835e3314ac2465cf0cc07fe3b9feb5f6e7fc1083c3f67ab7ededa45d5c5bc734d6a331330fb876374ae3c549aa7cc8d282bcd23f7b3e216ac3c39e05d6afb705fb1584d2e4f006d426bf971f88bae26b3e3ed6ef2590b35d6a57170f203f7b2ec735fd2c7ed9ba84d63fb2c7c419a2729247a25ced61d47eedabf97fbc9ddf4c8f7316f3633bb3df24d79794add9dd8a93e547ef57fc1bebe101e1cff827ae9775b4ab6b1a8dc5d6e61cb8df807f215c0ffc1c9be255b4fd9bbc23a5acaaa6f358572a4f50a09e95f447fc11df4d874dff008273fc33582358d64d3f7b63b92c79af86ff00e0e59d62e7fe123f02d9f9cdf67599d8276ced5ae7a4b9b15af7359694b43f2ddd176b1c61b77de1d0e29ad820edfde720918a6bea12c713461be55271c54f18cdab4dfc6a457d1347943c32c716e2ccbb4fdd1db351dbdd492cdb8932310460f4a86dee586a2cbd576e7915a161297b6901c70c40e3da8d8070944cccbb76be7195f4ab70db88ada41b98ae0023b927dfe950c310fb3ab7f794934fd32e19ad9173c34a01ff00be8544b634d8fe993f627d29743fd947e1edac636243a141818edb01afc6af0eccde2cff0082d6c30ca372b78f26c7d10920d7ed4fecdb18b7fd9c7c1fb7e5dba0c18f6fdc835f8d5fb235947aa7fc1675649d7cc75f165e4809ec76135f3d86f8a6fd4f4aa6914bd0ceff0082d0f8b7fe12aff8283f8a72dbd749b7b7b48594fddc27cdf91af8cbe33ddc70f872187cef364b87031ec0f35eff00fb73eb171ac7edb5f151ae643332eb4e016ec3038af997e39be7c5f6316008c5beec0f5e6bd4a7fc25e843d66d15fc0f032f96c7058b7071f957d87fb30c3b5e16dbbbb93ea78af91bc1d0a986ddbe95f627eccf1aac96ea3a6d538af99ce5fba7d2e4aaccfb4be169f36d613b485e0d7d01e0598adb228ec0735e05f0ba422de1ff007b15f40f80625fb2c63d47f857cca3dca8f53d1341dc446bb6bacd3e229167fbdc62b9bd0d0158fe95d569483ed217f8719c575513cbc46acd7d341c2e7b568c1092d9c9c7b567dbff00aa5fae2afd94ad24cca7a0af4a3b1e357d196e81cd14b1fde35b23904cf355e68707af6ab4e39aa6656327fbd532dec38ee413f51567494d960b8ee49a82e57e4cfb66ad69c31671fd054d35adcdea7c24e3ad3a8a2ba0e70a01c8a2985b6caabd8d00218f67ccbde8a71ff543f0a6d0014d99770e99a7507a552604195f4c62a373bbeef3ce6a4639c0fa8a638f2e5451d0e7344808df95a8ce768ddd7bd4c7afe34d90704fa0a91f4213ca9278f4a63a7cadc73daa729fb9cfb66a25f98331f5c50590e0038270d8c531d77310b95c75c559f2839fa546a3bfaf5a00ffd9, NULL, NULL, 'Y', 'Y', 1);
INSERT INTO `utilisateurs` (`id`, `pseudo`, `mail`, `password`, `description`, `photoprofil`, `birthday`, `nation`, `contact`, `notifmail`, `code_langue`) VALUES
(2, 'karma_deux', 'romain.wyon@gmail.com', '$2y$10$XWYEWbzLkijmkHg2sxxgLuvCcq7SblRIIH2xg0iqi/YgBIRhelqry', NULL, NULL, NULL, NULL, 'Y', 'Y', 1),
(3, 'karma_trois', 'karma@gmail.com', '$2y$10$aJAY0SwTnePNxGZwXT9sN.2CMr80.0R/szKTJyELdBoDzsgmlSW7K', NULL, NULL, NULL, NULL, 'Y', 'Y', 1),
(4, 'Klara', 'klara@gmail.com', '$2y$10$mkO8X6ZBC4BvoqlAlOzvHepZ6xx9wktsTvt.APcodUtn.G/bV4S7O', NULL, NULL, NULL, NULL, 'Y', 'Y', 1),
(5, 'mymy', 'm.brieux@gmail.com', '$2y$10$4dYPcG3aT3h9qHDG3KYnVe0vUCGwDMn.CdcB/5ZiNaz1okysRkB8y', NULL, NULL, NULL, NULL, 'Y', 'Y', 1),
(6, 'myleneb', 'm.b@gmail.com', '$2y$10$28PJqsUcZzdbjOjNiHm4duVDcSTMX6g/x3UX/La4lHddhxnDVHNFC', NULL, NULL, NULL, NULL, 'Y', 'Y', 1),
(7, 'Doniphan', 'doniphan.olivier@gmail.com', '$2y$10$eM3rbdK53FQ9BwWKZK/J2uYt6BW1CkvgSElRxCf0FCGNaPGWjnf2W', NULL, NULL, NULL, NULL, 'Y', 'Y', 1),
(8, 'David', 'david@gmail.com', '$2y$10$BcxKYFxMCerc0CqyX4erQ.rnAkWrCGzCRminXRdwNChQNsNxIWPrO', NULL, NULL, NULL, NULL, 'Y', 'Y', 1),
(9, 'SuperRomain', 'superromain@gmail.com', '$2y$10$KZDw.OYpJHkkJ.6eYnB9H.TlvKwgFZWPEgDnrfnaAbVX8r8S8Dm9W', NULL, NULL, NULL, NULL, 'Y', 'Y', 1),
(10, 'Sensei', 'maitresensei@gmail.com', '$2y$10$48VNbY.5MvSIy2zBiHrKsOMmCsvvKjJfb5Slq3SP04bx8ha0nnSZK', NULL, NULL, NULL, NULL, 'Y', 'Y', 1),
(11, 'Thomas', 'thomas@gmail.com', '$2y$10$q8wBSFrnN1Z6MRsC/Iryje0HHeVFJZRp8G.EARaWviinSW94akzQG', NULL, NULL, NULL, NULL, 'Y', 'Y', 1),
(12, 'Felix', 'felix@gmail.com', '$2y$10$llP0p8HO0c3WQ2zZjyUHxO647FhEiLW.5k6qnuBgLIbq/KKnqSHNG', NULL, NULL, NULL, NULL, 'Y', 'Y', 1),
(13, 'Nath', 'nath@gmail.com', '$2y$10$GvgsfyrIUK9xTvQreGuJE.TmxHMSBKLOf8P6KWL/hp8ihlfja9NTO', NULL, NULL, NULL, NULL, 'Y', 'Y', 1),
(14, 'Yoan', 'yoan@gmail.com', '$2y$10$Xb9t62UuYp4I7QcT3MvUm.8D3bHX5JIsidC9CxvNoD/x/iC.IRRkG', NULL, NULL, NULL, NULL, 'Y', 'Y', 1),
(15, 'Andhromede', 'andhromede@gmail.com', '$2y$10$CbWWL5zJY52GFLE6TRfm4OsZa4G1L3RPXGsOkw/g5RajuKNhhhbXO', NULL, NULL, NULL, NULL, 'Y', 'Y', 1),
(16, 'Marhalt', 'marhalt@gmail.com', '$2y$10$pHoUOF04d3ZBGJW0cD55y.lMNmQ55kdt/KeEky7ftnc4IAORSwhZK', NULL, NULL, NULL, NULL, 'Y', 'Y', 1),
(17, 'Lydlus', 'lydlus@gmail.com', '$2y$10$m6ZMks7Aimn3bPpaDEKO9eG4UDhggw9QgQ7SFjFmARRbWt4Vn1PvW', NULL, NULL, NULL, NULL, 'Y', 'Y', 1);

-- --------------------------------------------------------

--
-- Structure de la table `voyages`
--

CREATE TABLE `voyages` (
  `code_voyage` int(11) NOT NULL,
  `titre` varchar(50) NOT NULL,
  `resume` varchar(500) NOT NULL,
  `date_debut` date NOT NULL,
  `date_fin` date NOT NULL,
  `continent` varchar(20) NOT NULL,
  `pays` varchar(50) NOT NULL,
  `ville` varchar(50) NOT NULL,
  `couverture` mediumblob NOT NULL,
  `statut` varchar(6) NOT NULL DEFAULT '''N''',
  `likes` int(12) DEFAULT NULL,
  `vues` int(12) DEFAULT NULL,
  `id` int(11) NOT NULL,
  `code_etape` int(11) NOT NULL
) ENGINE=InnoDB DEFAULT CHARSET=utf8mb4;

--
-- Déchargement des données de la table `voyages`
--

INSERT INTO `voyages` (`code_voyage`, `titre`, `resume`, `date_debut`, `date_fin`, `continent`, `pays`, `ville`, `couverture`, `statut`, `likes`, `vues`, `id`, `code_etape`) VALUES
(1, 'Lorem ipsum dolor sit amet, consectetur adipiscing', 'Vivamus sit amet facilisis mi. Aenean sit amet enim at orci tempor mattis. Aenean sit amet ultrices libero. Mauris egestas, nisl a volutpat rutrum, orci erat volutpat dolor, sit amet accumsan risus turpis congue augue. ', '2019-06-17', '2019-06-23', 'Afrique', 'Maroc', 'Agadir', 0x6d61726f632e6a7067, 'Public', 0, 11, 1, 1),
(2, 'Nullam finibus interdum nunc. ', 'Ut dapibus ut nisi volutpat mollis. Integer nec fringilla diam. Suspendisse a nisi sed mauris suscipit luctus. Ut sed iaculis ligula. ', '2020-12-30', '2021-01-02', 'Asie', 'Emirats Arabes Unis', 'Dubai', 0x64756261692e6a7067, 'Public', 0, 1, 2, 2),
(3, 'Proin feugiat pulvinar pulvinar.', 'Aenean ut tincidunt mauris, finibus vestibulum diam. Sed consequat, felis sit amet faucibus maximus, orci urna euismod lorem, ac fringilla dui lacus at metus.', '2020-08-01', '2020-08-16', 'Amerique du Sud', 'Bresil', 'Rio', 0x62726573696c2e6a7067, 'Public', 0, 0, 3, 3),
(4, 'Vestibulum ante ipsum primis.', 'Cras ullamcorper sapien nibh, nec vehicula magna molestie imperdiet. Praesent convallis egestas risus, id tempor neque auctor venenatis.', '2020-09-14', '2020-09-30', 'Asie', 'Chine', 'Pekin', 0x6368696e612e6a7067, 'Public', 0, 0, 4, 4),
(5, 'Nullam nec maximus ipsum.', 'In convallis pellentesque scelerisque. Fusce at varius nunc. Proin eu urna imperdiet, consequat odio eu, consequat purus. ', '2020-07-01', '2020-07-05', 'Afrique', 'Egypte', 'Le Caire', 0x6567797074652e6a7067, 'Public', 0, 0, 5, 5),
(6, 'Aliquam fermentum viverra porta.', ' Vivamus luctus iaculis nibh. Quisque lobortis ipsum sed suscipit molestie.', '2020-02-01', '2020-02-29', 'Amerique du Nord', 'Etats-Unis', 'Dallas', 0x65746174732d756e69732e6a7067, 'Public', 0, 0, 6, 6),
(7, 'Donec cursus nunc vel neque posuere, in pharetra n', 'Sed vulputate feugiat lobortis. Maecenas semper commodo justo, vitae elementum dolor aliquet et.', '2020-05-29', '2020-05-31', 'Europe', 'Grece', 'Athene', 0x67726563652e6a7067, 'Public', 0, 0, 7, 7),
(8, 'Maecenas blandit cursus risus, quis ultrices turpi', 'Phasellus sed nulla dolor. Phasellus et fringilla eros. Vestibulum at urna velit. Etiam nec tellus tincidunt, aliquet turpis vitae, placerat nulla.', '2021-01-15', '2021-01-17', 'Europe', 'Allemagne', 'Hambourg', 0x68616d626f7572672e6a7067, 'Public', 0, 0, 8, 8),
(9, 'Suspendisse enim diam.', 'Suspendisse fringilla vitae odio a convallis. Proin ut ex eu lacus ultrices euismod. Vivamus ultrices lectus erat, vel mattis purus placerat et.', '2019-05-01', '2019-05-31', 'Asie', 'Inde', 'Bombay', 0x696e6469612e6a7067, 'Public', 0, 0, 9, 9),
(10, 'Phasellus iaculis viverra bibendum.', 'Integer bibendum bibendum libero. Mauris vitae blandit magna, non mattis quam. Integer mattis odio at mi convallis, egestas suscipit quam pretium. ', '2019-10-01', '2019-10-31', 'Asie', 'Japon', 'Tokyo', 0x6a61706f6e2e6a7067, 'Public', 0, 0, 10, 10),
(11, 'Duis rutrum nulla id quam cursus, eu aliquam nisl ', 'Curabitur leo leo, sagittis sed augue quis, semper convallis augue. Donec sed turpis vitae ex pretium congue quis ut nisi. ', '2021-01-02', '2021-01-03', 'Europe', 'France', 'Annecy', 0x6c61632e6a7067, 'Public', 0, 0, 11, 11),
(12, 'Nullam auctor nulla ipsum, laoreet volutpat urna f', ' In tempus vitae nisi eu dignissim. Nunc ut viverra eros, vel malesuada arcu. Nullam et metus in ex maximus varius. ', '2019-12-23', '2019-12-26', 'Europe', 'Angleterre', 'Londres', 0x6c6f6e647265732e6a7067, 'Public', 0, 0, 12, 12),
(13, 'In vehicula ex nec tellus faucibus tincidunt. ', 'Mauris felis ipsum, auctor ac suscipit suscipit, viverra non ipsum. Pellentesque neque massa, placerat maximus vestibulum quis, elementum et diam.', '2016-06-12', '2016-06-26', 'Amerique du Sud', 'Perou', 'Lima', 0x7065726f752e6a7067, 'Public', 0, 0, 13, 13),
(14, 'Nunc elementum dictum diam a posuere.', 'Vivamus at mauris eros. Aenean accumsan arcu non est finibus volutpat. Mauris vel ligula vitae erat finibus porta.', '2017-08-01', '2017-08-31', 'Oceanie', 'Nouvelle-Zelande', 'Auckland', 0x6e65777a65616c616e642e6a7067, 'Public', 0, 0, 14, 14),
(15, 'Vestibulum eget nisl a lectus maximus laoreet ac v', 'Aenean ullamcorper vehicula scelerisque. Nullam dignissim, ex et finibus rutrum, diam mauris euismod nulla, sed bibendum quam enim vel lectus.', '2018-12-20', '2019-01-10', 'Asie', 'Japon', 'Osaka', 0x6f73616b612e6a7067, 'Public', 0, 0, 15, 15),
(16, 'Pellentesque ut cursus quam, rhoncus convallis lac', 'Cras id erat sed lacus gravida maximus. Maecenas quis rhoncus mi. In a magna odio. Duis eu vehicula sem. ', '2018-06-20', '2018-06-30', 'Europe', 'Portugal', 'Lisbonne', 0x706f72747567616c2e6a7067, 'Public', 0, 0, 17, 16),
(17, 'Pellentesque rhoncus sapien arcu, quis auctor orci', 'Suspendisse quis tellus libero. Nullam dignissim venenatis dolor, id interdum quam rhoncus ac. Nunc hendrerit erat orci, ut elementum justo tincidunt nec. ', '2020-06-14', '2020-06-29', 'Oceanie', 'Australie', 'Sydney', 0x7379646e65792e6a7067, 'Public', 0, 0, 1, 17),
(18, 'Pellentesque id metus at magna elementum blandit. ', 'Etiam id leo ultrices risus viverra luctus. Nam scelerisque augue turpis, et vestibulum quam eleifend et. Sed est massa, suscipit at elit vitae, hendrerit tincidunt tortor. ', '2020-05-27', '2020-06-15', 'Asie', 'Taiwan', 'Taipei', 0x74616977616e2e6a7067, 'Public', 0, 0, 9, 18),
(19, 'Suspendisse iaculis cursus finibus. ', 'Mauris gravida nisi aliquam nisl ornare ornare. Pellentesque diam ligula, lobortis finibus ultrices in, mattis sed mauris. ', '2020-08-01', '2020-08-02', 'Europe', 'Italie', 'Rome', 0x74726576692e6a7067, 'Public', 0, 0, 13, 19),
(20, 'Sed placerat laoreet euismod.', 'Vivamus ultrices, nisi id condimentum ullamcorper, nulla justo sodales lorem, vitae auctor nulla justo sed sem. ', '2020-08-20', '2020-08-21', 'Europe', 'Italie', 'Vatican', 0x7661746963616e2e6a7067, 'Public', 0, 0, 14, 20),
(21, 'Curabitur eu libero ac ipsum pretium rhoncus quis ', ' Maecenas aliquam imperdiet est. Nunc quis eros eu quam convallis commodo sit amet eu leo. Duis convallis pretium dui vel mattis. ', '2021-01-07', '2021-01-10', 'Europe', 'Italie', 'Venise', 0x76656e6973652e6a7067, 'Public', 0, 0, 17, 21);

--
-- Index pour les tables déchargées
--

--
-- Index pour la table `commentaires`
--
ALTER TABLE `commentaires`
  ADD PRIMARY KEY (`code_comm`),
  ADD KEY `cle_secondaire` (`id`),
  ADD KEY `code_etape` (`code_etape`);

--
-- Index pour la table `demande_ami`
--
ALTER TABLE `demande_ami`
  ADD PRIMARY KEY (`code_ami`),
  ADD KEY `id_utilisateur` (`id`),
  ADD KEY `id_ami` (`id_ami`);

--
-- Index pour la table `etape`
--
ALTER TABLE `etape`
  ADD PRIMARY KEY (`code_etape`);

--
-- Index pour la table `langues`
--
ALTER TABLE `langues`
  ADD PRIMARY KEY (`code_langue`);

--
-- Index pour la table `likes`
--
ALTER TABLE `likes`
  ADD PRIMARY KEY (`id_like`),
  ADD KEY `IdVoyage` (`code_voyage`),
  ADD KEY `IdUser` (`id`);

--
-- Index pour la table `notifications`
--
ALTER TABLE `notifications`
  ADD PRIMARY KEY (`code_notif`),
  ADD KEY `id_utilisateur` (`id`),
  ADD KEY `code_comm` (`code_comm`);

--
-- Index pour la table `utilisateurs`
--
ALTER TABLE `utilisateurs`
  ADD PRIMARY KEY (`id`),
  ADD KEY `code_langue` (`code_langue`);

--
-- Index pour la table `voyages`
--
ALTER TABLE `voyages`
  ADD PRIMARY KEY (`code_voyage`),
  ADD KEY `foreign key` (`id`),
  ADD KEY `code_etape` (`code_etape`);

--
-- AUTO_INCREMENT pour les tables déchargées
--

--
-- AUTO_INCREMENT pour la table `commentaires`
--
ALTER TABLE `commentaires`
  MODIFY `code_comm` int(11) NOT NULL AUTO_INCREMENT, AUTO_INCREMENT=14;

--
-- AUTO_INCREMENT pour la table `demande_ami`
--
ALTER TABLE `demande_ami`
  MODIFY `code_ami` int(11) NOT NULL AUTO_INCREMENT, AUTO_INCREMENT=15;

--
-- AUTO_INCREMENT pour la table `etape`
--
ALTER TABLE `etape`
  MODIFY `code_etape` int(11) NOT NULL AUTO_INCREMENT, AUTO_INCREMENT=22;

--
-- AUTO_INCREMENT pour la table `langues`
--
ALTER TABLE `langues`
  MODIFY `code_langue` int(11) NOT NULL AUTO_INCREMENT, AUTO_INCREMENT=21;

--
-- AUTO_INCREMENT pour la table `likes`
--
ALTER TABLE `likes`
  MODIFY `id_like` int(11) NOT NULL AUTO_INCREMENT;

--
-- AUTO_INCREMENT pour la table `notifications`
--
ALTER TABLE `notifications`
  MODIFY `code_notif` int(11) NOT NULL AUTO_INCREMENT, AUTO_INCREMENT=12;

--
-- AUTO_INCREMENT pour la table `utilisateurs`
--
ALTER TABLE `utilisateurs`
  MODIFY `id` int(11) NOT NULL AUTO_INCREMENT, AUTO_INCREMENT=19;

--
-- AUTO_INCREMENT pour la table `voyages`
--
ALTER TABLE `voyages`
  MODIFY `code_voyage` int(11) NOT NULL AUTO_INCREMENT, AUTO_INCREMENT=22;

--
-- Contraintes pour les tables déchargées
--

--
-- Contraintes pour la table `commentaires`
--
ALTER TABLE `commentaires`
  ADD CONSTRAINT `cle_secondaire` FOREIGN KEY (`id`) REFERENCES `utilisateurs` (`id`);

--
-- Contraintes pour la table `likes`
--
ALTER TABLE `likes`
  ADD CONSTRAINT `IdUser` FOREIGN KEY (`id`) REFERENCES `utilisateurs` (`id`),
  ADD CONSTRAINT `IdVoyage` FOREIGN KEY (`code_voyage`) REFERENCES `voyages` (`code_voyage`);

--
-- Contraintes pour la table `utilisateurs`
--
ALTER TABLE `utilisateurs`
  ADD CONSTRAINT `code_langue` FOREIGN KEY (`code_langue`) REFERENCES `langues` (`code_langue`);

--
-- Contraintes pour la table `voyages`
--
ALTER TABLE `voyages`
  ADD CONSTRAINT `code_etape` FOREIGN KEY (`code_etape`) REFERENCES `etape` (`code_etape`),
  ADD CONSTRAINT `foreign key` FOREIGN KEY (`id`) REFERENCES `utilisateurs` (`id`);
COMMIT;

/*!40101 SET CHARACTER_SET_CLIENT=@OLD_CHARACTER_SET_CLIENT */;
/*!40101 SET CHARACTER_SET_RESULTS=@OLD_CHARACTER_SET_RESULTS */;
/*!40101 SET COLLATION_CONNECTION=@OLD_COLLATION_CONNECTION */;
